{
  "m_Version": 12,
  "DisplayName": "#4 x 4",
  "Icon": "Deliver",
  "Color": "FBFCFEFF",
  "IsExchange": 0,
  "InitStockPercent": 75,
  "Items": [
    {
      "ClassName": "BMW_X5",
      "MaxPriceThreshold": 150000,
      "MinPriceThreshold": 100000,
      "SellPricePercent": -1,
      "MaxStockThreshold": 3,
      "MinStockThreshold": 1,
      "QuantityPercent": -1,
      "SpawnAttachments": [
        "BMW_X5_Wheel",
        "BMW_X5_Wheel",
        "BMW_X5_Wheel",
        "BMW_X5_Wheel",
        "BMW_X5_Wheel",
        "BMW_X5_Doors_Driver",
        "BMW_X5_Doors_coDriver",
        "BMW_X5_Doors_cargo1",
        "BMW_X5_Doors_cargo2",
        "BMW_X5_Doors_hood",
        "headlighth7",
        "headlighth7",
        "carbattery",
        "carradiator",
        "sparkplug"
      ],
      "Variants": []
    },
    {
      "ClassName": "BMW_X5_black",
      "MaxPriceThreshold": 150000,
      "MinPriceThreshold": 100000,
      "SellPricePercent": -1,
      "MaxStockThreshold": 3,
      "MinStockThreshold": 1,
      "QuantityPercent": -1,
      "SpawnAttachments": [
        "BMW_X5_Wheel",
        "BMW_X5_Wheel",
        "BMW_X5_Wheel",
        "BMW_X5_Wheel",
        "BMW_X5_Wheel",
        "BMW_X5_Doors_Driver_black",
        "BMW_X5_Doors_coDriver_black",
        "BMW_X5_Doors_cargo1_black",
        "BMW_X5_Doors_cargo2_black",
        "BMW_X5_Doors_hood_black",
        "headlighth7",
        "headlighth7",
        "carbattery",
        "carradiator",
        "sparkplug"
      ],
      "Variants": []
    },
    {
      "ClassName": "BMW_X5_white",
      "MaxPriceThreshold": 150000,
      "MinPriceThreshold": 100000,
      "SellPricePercent": -1,
      "MaxStockThreshold": 3,
      "MinStockThreshold": 1,
      "QuantityPercent": -1,
      "SpawnAttachments": [
        "BMW_X5_Wheel",
        "BMW_X5_Wheel",
        "BMW_X5_Wheel",
        "BMW_X5_Wheel",
        "BMW_X5_Wheel",
        "BMW_X5_Doors_Driver_white",
        "BMW_X5_Doors_coDriver_white",
        "BMW_X5_Doors_cargo1_white",
        "BMW_X5_Doors_cargo2_white",
        "BMW_X5_Doors_hood_white",
        "headlighth7",
        "headlighth7",
        "carbattery",
        "carradiator",
        "sparkplug"
      ],
      "Variants": []
    },
    {
      "ClassName": "Conqueror",
      "MaxPriceThreshold": 88000,
      "MinPriceThreshold": 45000,
      "SellPricePercent": -1,
      "MaxStockThreshold": 3,
      "MinStockThreshold": 1,
      "QuantityPercent": -1,
      "SpawnAttachments": [
        "Conqueror_Wheel",
        "Conqueror_Wheel",
        "Conqueror_Wheel",
        "Conqueror_Wheel",
        "Conqueror_Wheel",
        "Conqueror_Doors_Driver",
        "Conqueror_Doors_coDriver",
        "Conqueror_Doors_hood",
        "Conqueror_Doors_trunk",
        "headlighth7",
        "headlighth7",
        "carbattery",
        "carradiator",
        "sparkplug",
        "Conqueror_Tent"
      ],
      "Variants": []
    },
    {
      "ClassName": "Conqueror_blue",
      "MaxPriceThreshold": 88000,
      "MinPriceThreshold": 45000,
      "SellPricePercent": -1,
      "MaxStockThreshold": 3,
      "MinStockThreshold": 1,
      "QuantityPercent": -1,
      "SpawnAttachments": [
        "Conqueror_Wheel",
        "Conqueror_Wheel",
        "Conqueror_Wheel",
        "Conqueror_Wheel",
        "Conqueror_Wheel",
        "Conqueror_Doors_Driver_blue",
        "Conqueror_Doors_coDriver_blue",
        "Conqueror_Doors_hood_blue",
        "Conqueror_Doors_trunk_blue",
        "headlighth7",
        "headlighth7",
        "carbattery",
        "carradiator",
        "sparkplug",
        "Conqueror_Tent_blue"
      ],
      "Variants": []
    },
    {
      "ClassName": "Conqueror_green",
      "MaxPriceThreshold": 88000,
      "MinPriceThreshold": 45000,
      "SellPricePercent": -1,
      "MaxStockThreshold": 3,
      "MinStockThreshold": 1,
      "QuantityPercent": -1,
      "SpawnAttachments": [
        "Conqueror_Wheel",
        "Conqueror_Wheel",
        "Conqueror_Wheel",
        "Conqueror_Wheel",
        "Conqueror_Wheel",
        "Conqueror_Doors_Driver_green",
        "Conqueror_Doors_coDriver_green",
        "Conqueror_Doors_hood_green",
        "Conqueror_Doors_trunk_green",
        "headlighth7",
        "headlighth7",
        "carbattery",
        "carradiator",
        "sparkplug",
        "Conqueror_Tent_green"
      ],
      "Variants": []
    },
    {
      "ClassName": "Conqueror_yellow",
      "MaxPriceThreshold": 88000,
      "MinPriceThreshold": 45000,
      "SellPricePercent": -1,
      "MaxStockThreshold": 3,
      "MinStockThreshold": 1,
      "QuantityPercent": -1,
      "SpawnAttachments": [
        "Conqueror_Wheel",
        "Conqueror_Wheel",
        "Conqueror_Wheel",
        "Conqueror_Wheel",
        "Conqueror_Wheel",
        "Conqueror_Doors_Driver_yellow",
        "Conqueror_Doors_coDriver_yellow",
        "Conqueror_Doors_hood_yellow",
        "Conqueror_Doors_trunk_yellow",
        "headlighth7",
        "headlighth7",
        "carbattery",
        "carradiator",
        "sparkplug",
        "Conqueror_Tent_yellow"
      ],
      "Variants": []
    },
    {
      "ClassName": "Conqueror_kamo1",
      "MaxPriceThreshold": 88000,
      "MinPriceThreshold": 45000,
      "SellPricePercent": -1,
      "MaxStockThreshold": 3,
      "MinStockThreshold": 1,
      "QuantityPercent": -1,
      "SpawnAttachments": [
        "Conqueror_Wheel",
        "Conqueror_Wheel",
        "Conqueror_Wheel",
        "Conqueror_Wheel",
        "Conqueror_Wheel",
        "Conqueror_Doors_Driver_kamo1",
        "Conqueror_Doors_coDriver_kamo1",
        "Conqueror_Doors_hood_kamo1",
        "Conqueror_Doors_trunk_kamo1",
        "headlighth7",
        "headlighth7",
        "carbattery",
        "carradiator",
        "sparkplug",
        "Conqueror_Tent_kamo1"
      ],
      "Variants": []
    },
    {
      "ClassName": "Conqueror_kamo2",
      "MaxPriceThreshold": 88000,
      "MinPriceThreshold": 45000,
      "SellPricePercent": -1,
      "MaxStockThreshold": 3,
      "MinStockThreshold": 1,
      "QuantityPercent": -1,
      "SpawnAttachments": [
        "Conqueror_Wheel",
        "Conqueror_Wheel",
        "Conqueror_Wheel",
        "Conqueror_Wheel",
        "Conqueror_Wheel",
        "Conqueror_Doors_Driver_kamo2",
        "Conqueror_Doors_coDriver_kamo2",
        "Conqueror_Doors_hood_kamo2",
        "Conqueror_Doors_trunk_kamo2",
        "headlighth7",
        "headlighth7",
        "carbattery",
        "carradiator",
        "sparkplug",
        "Conqueror_Tent_kamo2"
      ],
      "Variants": []
    },
    {
      "ClassName": "Conqueror_gray",
      "MaxPriceThreshold": 88000,
      "MinPriceThreshold": 45000,
      "SellPricePercent": -1,
      "MaxStockThreshold": 3,
      "MinStockThreshold": 1,
      "QuantityPercent": -1,
      "SpawnAttachments": [
        "Conqueror_Wheel",
        "Conqueror_Wheel",
        "Conqueror_Wheel",
        "Conqueror_Wheel",
        "Conqueror_Wheel",
        "Conqueror_Doors_Driver_gray",
        "Conqueror_Doors_coDriver_gray",
        "Conqueror_Doors_hood_gray",
        "Conqueror_Doors_trunk_gray",
        "headlighth7",
        "headlighth7",
        "carbattery",
        "carradiator",
        "sparkplug",
        "Conqueror_Tent_gray"
      ],
      "Variants": []
    },
    {
      "ClassName": "NivaPickup",
      "MaxPriceThreshold": 65000,
      "MinPriceThreshold": 30000,
      "SellPricePercent": -1,
      "MaxStockThreshold": 3,
      "MinStockThreshold": 1,
      "QuantityPercent": -1,
      "SpawnAttachments": [
        "NivaPickup_Wheel",
        "NivaPickup_Wheel",
        "NivaPickup_Wheel",
        "NivaPickup_Wheel",
        "NivaPickup_Wheel",
        "NivaPickup_Doors_Driver",
        "NivaPickup_Doors_coDriver",
        "NivaPickup_Doors_hood",
        "NivaPickup_Doors_trunk",
        "headlighth7",
        "headlighth7",
        "carbattery",
        "carradiator",
        "sparkplug"
      ],
      "Variants": []
    },
    {
      "ClassName": "NivaPickup_blue",
      "MaxPriceThreshold": 65000,
      "MinPriceThreshold": 30000,
      "SellPricePercent": -1,
      "MaxStockThreshold": 3,
      "MinStockThreshold": 1,
      "QuantityPercent": -1,
      "SpawnAttachments": [
        "NivaPickup_Wheel",
        "NivaPickup_Wheel",
        "NivaPickup_Wheel",
        "NivaPickup_Wheel",
        "NivaPickup_Wheel",
        "NivaPickup_Doors_Driver_blue",
        "NivaPickup_Doors_coDriver_blue",
        "NivaPickup_Doors_hood_blue",
        "NivaPickup_Doors_trunk_blue",
        "headlighth7",
        "headlighth7",
        "carbattery",
        "carradiator",
        "sparkplug"
      ],
      "Variants": []
    },
    {
      "ClassName": "NivaPickup_red",
      "MaxPriceThreshold": 65000,
      "MinPriceThreshold": 30000,
      "SellPricePercent": -1,
      "MaxStockThreshold": 3,
      "MinStockThreshold": 1,
      "QuantityPercent": -1,
      "SpawnAttachments": [
        "NivaPickup_Wheel",
        "NivaPickup_Wheel",
        "NivaPickup_Wheel",
        "NivaPickup_Wheel",
        "NivaPickup_Wheel",
        "NivaPickup_Doors_Driver_red",
        "NivaPickup_Doors_coDriver_red",
        "NivaPickup_Doors_hood_red",
        "NivaPickup_Doors_trunk_red",
        "headlighth7",
        "headlighth7",
        "carbattery",
        "carradiator",
        "sparkplug"
      ],
      "Variants": []
    },
    {
      "ClassName": "NivaPickup_skul",
      "MaxPriceThreshold": 72000,
      "MinPriceThreshold": 50000,
      "SellPricePercent": -1,
      "MaxStockThreshold": 3,
      "MinStockThreshold": 1,
      "QuantityPercent": -1,
      "SpawnAttachments": [
        "NivaPickup_Wheel",
        "NivaPickup_Wheel",
        "NivaPickup_Wheel",
        "NivaPickup_Wheel",
        "NivaPickup_Wheel",
        "NivaPickup_Doors_Driver_skul",
        "NivaPickup_Doors_coDriver_skul",
        "NivaPickup_Doors_hood_skul",
        "NivaPickup_Doors_trunk_skul",
        "headlighth7",
        "headlighth7",
        "carbattery",
        "carradiator",
        "sparkplug"
      ],
      "Variants": []
    },
    {
      "ClassName": "NivaPickup_kamo2",
      "MaxPriceThreshold": 65000,
      "MinPriceThreshold": 33000,
      "SellPricePercent": -1,
      "MaxStockThreshold": 3,
      "MinStockThreshold": 1,
      "QuantityPercent": -1,
      "SpawnAttachments": [
        "NivaPickup_Wheel",
        "NivaPickup_Wheel",
        "NivaPickup_Wheel",
        "NivaPickup_Wheel",
        "NivaPickup_Wheel",
        "NivaPickup_Doors_Driver_kamo2",
        "NivaPickup_Doors_coDriver_kamo2",
        "NivaPickup_Doors_hood_kamo2",
        "NivaPickup_Doors_trunk_kamo2",
        "headlighth7",
        "headlighth7",
        "carbattery",
        "carradiator",
        "sparkplug"
      ],
      "Variants": []
    },
    {
      "ClassName": "NivaPickup_kamo",
      "MaxPriceThreshold": 65000,
      "MinPriceThreshold": 33000,
      "SellPricePercent": -1,
      "MaxStockThreshold": 3,
      "MinStockThreshold": 1,
      "QuantityPercent": -1,
      "SpawnAttachments": [
        "NivaPickup_Wheel",
        "NivaPickup_Wheel",
        "NivaPickup_Wheel",
        "NivaPickup_Wheel",
        "NivaPickup_Wheel",
        "NivaPickup_Doors_Driver_kamo",
        "NivaPickup_Doors_coDriver_kamo",
        "NivaPickup_Doors_hood_kamo",
        "NivaPickup_Doors_trunk_kamo",
        "headlighth7",
        "headlighth7",
        "carbattery",
        "carradiator",
        "sparkplug"
      ],
      "Variants": []
    },
    {
      "ClassName": "Nissan_warrior",
      "MaxPriceThreshold": 88000,
      "MinPriceThreshold": 53000,
      "SellPricePercent": -1,
      "MaxStockThreshold": 3,
      "MinStockThreshold": 1,
      "QuantityPercent": -1,
      "SpawnAttachments": [
        "Nissan_warrior_Wheel",
        "Nissan_warrior_Wheel",
        "Nissan_warrior_Wheel",
        "Nissan_warrior_Wheel",
        "Nissan_warrior_Wheel",
        "Nissan_warrior_Doors_Driver",
        "Nissan_warrior_Doors_coDriver",
        "Nissan_warrior_Doors_cargo1",
        "Nissan_warrior_Doors_cargo2",
        "headlighth7",
        "headlighth7",
        "carbattery",
        "carradiator",
        "sparkplug",
        "Nissan_warrior_Doors_hood",
        "Nissan_warrior_Doors_trunk"
      ],
      "Variants": []
    },
    {
      "ClassName": "Nissan_warrior_blue",
      "MaxPriceThreshold": 88000,
      "MinPriceThreshold": 53000,
      "SellPricePercent": -1,
      "MaxStockThreshold": 3,
      "MinStockThreshold": 1,
      "QuantityPercent": -1,
      "SpawnAttachments": [
        "Nissan_warrior_Wheel",
        "Nissan_warrior_Wheel",
        "Nissan_warrior_Wheel",
        "Nissan_warrior_Wheel",
        "Nissan_warrior_Wheel",
        "Nissan_warrior_Doors_Driver_blue",
        "Nissan_warrior_Doors_coDriver_blue",
        "Nissan_warrior_Doors_cargo1_blue",
        "Nissan_warrior_Doors_cargo2_blue",
        "headlighth7",
        "headlighth7",
        "carbattery",
        "carradiator",
        "sparkplug",
        "Nissan_warrior_Doors_hood_blue",
        "Nissan_warrior_Doors_trunk_blue"
      ],
      "Variants": []
    },
    {
      "ClassName": "Nissan_warrior_black",
      "MaxPriceThreshold": 88000,
      "MinPriceThreshold": 53000,
      "SellPricePercent": -1,
      "MaxStockThreshold": 3,
      "MinStockThreshold": 1,
      "QuantityPercent": -1,
      "SpawnAttachments": [
        "Nissan_warrior_Wheel",
        "Nissan_warrior_Wheel",
        "Nissan_warrior_Wheel",
        "Nissan_warrior_Wheel",
        "Nissan_warrior_Wheel",
        "Nissan_warrior_Doors_Driver_black",
        "Nissan_warrior_Doors_coDriver_black",
        "Nissan_warrior_Doors_cargo1_black",
        "Nissan_warrior_Doors_cargo2_black",
        "headlighth7",
        "headlighth7",
        "carbattery",
        "carradiator",
        "sparkplug",
        "Nissan_warrior_Doors_hood_black",
        "Nissan_warrior_Doors_trunk_black"
      ],
      "Variants": []
    },
    {
      "ClassName": "Nissan_warrior_kamo",
      "MaxPriceThreshold": 88000,
      "MinPriceThreshold": 53000,
      "SellPricePercent": -1,
      "MaxStockThreshold": 3,
      "MinStockThreshold": 1,
      "QuantityPercent": -1,
      "SpawnAttachments": [
        "Nissan_warrior_Wheel",
        "Nissan_warrior_Wheel",
        "Nissan_warrior_Wheel",
        "Nissan_warrior_Wheel",
        "Nissan_warrior_Wheel",
        "Nissan_warrior_Doors_Driver_kamo",
        "Nissan_warrior_Doors_coDriver_kamo",
        "Nissan_warrior_Doors_cargo1_kamo",
        "Nissan_warrior_Doors_cargo2_kamo",
        "headlighth7",
        "headlighth7",
        "carbattery",
        "carradiator",
        "sparkplug",
        "Nissan_warrior_Doors_hood_kamo",
        "Nissan_warrior_Doors_trunk_kamo"
      ],
      "Variants": []
    },
    {
      "ClassName": "Nissan_warrior_white_kamo",
      "MaxPriceThreshold": 88000,
      "MinPriceThreshold": 53000,
      "SellPricePercent": -1,
      "MaxStockThreshold": 3,
      "MinStockThreshold": 1,
      "QuantityPercent": -1,
      "SpawnAttachments": [
        "Nissan_warrior_Wheel",
        "Nissan_warrior_Wheel",
        "Nissan_warrior_Wheel",
        "Nissan_warrior_Wheel",
        "Nissan_warrior_Wheel",
        "Nissan_warrior_Doors_Driver_white_kamo",
        "Nissan_warrior_Doors_coDriver_white_kamo",
        "Nissan_warrior_Doors_cargo1_white_kamo",
        "Nissan_warrior_Doors_cargo2_white_kamo",
        "headlighth7",
        "headlighth7",
        "carbattery",
        "carradiator",
        "sparkplug",
        "Nissan_warrior_Doors_hood_white_kamo",
        "Nissan_warrior_Doors_trunk_white_kamo"
      ],
      "Variants": []
    },
    {
      "ClassName": "LandCruiser",
      "MaxPriceThreshold": 72000,
      "MinPriceThreshold": 48000,
      "SellPricePercent": -1,
      "MaxStockThreshold": 3,
      "MinStockThreshold": 1,
      "QuantityPercent": -1,
      "SpawnAttachments": [
        "LandCruiser_Wheel",
        "LandCruiser_Wheel",
        "LandCruiser_Wheel",
        "LandCruiser_Wheel",
        "LandCruiser_Wheel",
        "LandCruiser_Wheel",
        "LandCruiser_Doors_cargo4",
        "LandCruiser_Doors_Driver",
        "LandCruiser_Doors_coDriver",
        "LandCruiser_Doors_hood",
        "LandCruiser_Doors_cargo1",
        "headlighth7",
        "headlighth7",
        "carbattery",
        "carradiator",
        "sparkplug",
        "LandCruiser_Doors_cargo2",
        "LandCruiser_Doors_cargo3"
      ],
      "Variants": []
    },
    {
      "ClassName": "LandCruiser_white",
      "MaxPriceThreshold": 72000,
      "MinPriceThreshold": 45000,
      "SellPricePercent": -1,
      "MaxStockThreshold": 3,
      "MinStockThreshold": 1,
      "QuantityPercent": -1,
      "SpawnAttachments": [
        "LandCruiser_Wheel",
        "LandCruiser_Wheel",
        "LandCruiser_Wheel",
        "LandCruiser_Wheel",
        "LandCruiser_Wheel",
        "LandCruiser_Wheel",
        "LandCruiser_Doors_cargo4_white",
        "LandCruiser_Doors_Driver_white",
        "LandCruiser_Doors_coDriver_white",
        "LandCruiser_Doors_hood_white",
        "LandCruiser_Doors_cargo1_white",
        "headlighth7",
        "headlighth7",
        "carbattery",
        "carradiator",
        "sparkplug",
        "LandCruiser_Doors_cargo2",
        "LandCruiser_Doors_cargo3"
      ],
      "Variants": []
    },
    {
      "ClassName": "LandCruiser_blue",
      "MaxPriceThreshold": 72000,
      "MinPriceThreshold": 45000,
      "SellPricePercent": -1,
      "MaxStockThreshold": 3,
      "MinStockThreshold": 1,
      "QuantityPercent": -1,
      "SpawnAttachments": [
        "LandCruiser_Wheel",
        "LandCruiser_Wheel",
        "LandCruiser_Wheel",
        "LandCruiser_Wheel",
        "LandCruiser_Wheel",
        "LandCruiser_Wheel",
        "LandCruiser_Doors_cargo4_blue",
        "LandCruiser_Doors_Driver_blue",
        "LandCruiser_Doors_coDriver_blue",
        "LandCruiser_Doors_hood_blue",
        "LandCruiser_Doors_cargo1_blue",
        "headlighth7",
        "headlighth7",
        "carbattery",
        "carradiator",
        "sparkplug",
        "LandCruiser_Doors_cargo2_blue",
        "LandCruiser_Doors_cargo3_blue"
      ],
      "Variants": []
    },
    {
      "ClassName": "LandCruiser_kamo",
      "MaxPriceThreshold": 72000,
      "MinPriceThreshold": 45000,
      "SellPricePercent": -1,
      "MaxStockThreshold": 3,
      "MinStockThreshold": 1,
      "QuantityPercent": -1,
      "SpawnAttachments": [
        "LandCruiser_Wheel",
        "LandCruiser_Wheel",
        "LandCruiser_Wheel",
        "LandCruiser_Wheel",
        "LandCruiser_Wheel",
        "LandCruiser_Wheel",
        "LandCruiser_Doors_cargo4_kamo",
        "LandCruiser_Doors_Driver_kamo",
        "LandCruiser_Doors_coDriver_kamo",
        "LandCruiser_Doors_hood_kamo",
        "LandCruiser_Doors_cargo1_kamo",
        "headlighth7",
        "headlighth7",
        "carbattery",
        "carradiator",
        "sparkplug",
        "LandCruiser_Doors_cargo2_kamo",
        "LandCruiser_Doors_cargo3_kamo"
      ],
      "Variants": []
    },
    {
      "ClassName": "LandCruiser_red",
      "MaxPriceThreshold": 72000,
      "MinPriceThreshold": 45000,
      "SellPricePercent": -1,
      "MaxStockThreshold": 3,
      "MinStockThreshold": 1,
      "QuantityPercent": -1,
      "SpawnAttachments": [
        "LandCruiser_Wheel",
        "LandCruiser_Wheel",
        "LandCruiser_Wheel",
        "LandCruiser_Wheel",
        "LandCruiser_Wheel",
        "LandCruiser_Wheel",
        "LandCruiser_Doors_cargo4_red",
        "LandCruiser_Doors_Driver_red",
        "LandCruiser_Doors_coDriver_red",
        "LandCruiser_Doors_hood_red",
        "LandCruiser_Doors_cargo1_red",
        "headlighth7",
        "headlighth7",
        "carbattery",
        "carradiator",
        "sparkplug",
        "LandCruiser_Doors_cargo2_red",
        "LandCruiser_Doors_cargo3_red"
      ],
      "Variants": []
    },
    {
      "ClassName": "LandCruiser_skul",
      "MaxPriceThreshold": 80000,
      "MinPriceThreshold": 50000,
      "SellPricePercent": -1,
      "MaxStockThreshold": 3,
      "MinStockThreshold": 1,
      "QuantityPercent": -1,
      "SpawnAttachments": [
        "LandCruiser_Wheel",
        "LandCruiser_Wheel",
        "LandCruiser_Wheel",
        "LandCruiser_Wheel",
        "LandCruiser_Wheel",
        "LandCruiser_Wheel",
        "LandCruiser_Doors_cargo4_skul",
        "LandCruiser_Doors_Driver_skul",
        "LandCruiser_Doors_coDriver_skul",
        "LandCruiser_Doors_hood_skul",
        "LandCruiser_Doors_cargo1_skul",
        "headlighth7",
        "headlighth7",
        "carbattery",
        "carradiator",
        "sparkplug",
        "LandCruiser_Doors_cargo2_skul",
        "LandCruiser_Doors_cargo3_skul"
      ],
      "Variants": []
    },
    {
      "ClassName": "LandCruiser_GVINLORD",
      "MaxPriceThreshold": 80000,
      "MinPriceThreshold": 50000,
      "SellPricePercent": -1,
      "MaxStockThreshold": 3,
      "MinStockThreshold": 1,
      "QuantityPercent": -1,
      "SpawnAttachments": [
        "LandCruiser_Wheel",
        "LandCruiser_Wheel",
        "LandCruiser_Wheel",
        "LandCruiser_Wheel",
        "LandCruiser_Wheel",
        "LandCruiser_Wheel",
        "LandCruiser_Doors_cargo4_GVINLORD",
        "LandCruiser_Doors_Driver_GVINLORD",
        "LandCruiser_Doors_coDriver_GVINLORD",
        "LandCruiser_Doors_hood_GVINLORD",
        "LandCruiser_Doors_cargo1_GVINLORD",
        "headlighth7",
        "headlighth7",
        "carbattery",
        "carradiator",
        "sparkplug",
        "LandCruiser_Doors_cargo2_GVINLORD",
        "LandCruiser_Doors_cargo3_GVINLORD"
      ],
      "Variants": []
    },
    {
      "ClassName": "LandCruiser_kamo2",
      "MaxPriceThreshold": 72000,
      "MinPriceThreshold": 40000,
      "SellPricePercent": -1,
      "MaxStockThreshold": 3,
      "MinStockThreshold": 1,
      "QuantityPercent": -1,
      "SpawnAttachments": [
        "LandCruiser_Wheel",
        "LandCruiser_Wheel",
        "LandCruiser_Wheel",
        "LandCruiser_Wheel",
        "LandCruiser_Wheel",
        "LandCruiser_Wheel",
        "LandCruiser_Doors_cargo4_kamo2",
        "LandCruiser_Doors_Driver_kamo2",
        "LandCruiser_Doors_coDriver_kamo2",
        "LandCruiser_Doors_hood_kamo2",
        "LandCruiser_Doors_cargo1_kamo2",
        "headlighth7",
        "headlighth7",
        "carbattery",
        "carradiator",
        "sparkplug",
        "LandCruiser_Doors_cargo2_kamo2",
        "LandCruiser_Doors_cargo3_kamo2"
      ],
      "Variants": []
    },
    {
      "ClassName": "Range_Rover",
      "MaxPriceThreshold": 35000,
      "MinPriceThreshold": 12000,
      "SellPricePercent": -1,
      "MaxStockThreshold": 3,
      "MinStockThreshold": 1,
      "QuantityPercent": -1,
      "SpawnAttachments": [
        "Range_Rover_Wheel",
        "Range_Rover_Wheel",
        "Range_Rover_Wheel",
        "Range_Rover_Wheel",
        "Range_Rover_Wheel",
        "Range_Rover_Doors_Driver",
        "Range_Rover_Doors_coDriver",
        "Range_Rover_Doors_cargo1",
        "Range_Rover_Doors_cargo2",
        "headlighth7",
        "headlighth7",
        "carbattery",
        "carradiator",
        "sparkplug",
        "Range_Rover_Doors_hood",
        "Range_Rover_Doors_trunk"
      ],
      "Variants": []
    },
    {
      "ClassName": "Range_Rover_black",
      "MaxPriceThreshold": 35000,
      "MinPriceThreshold": 12000,
      "SellPricePercent": -1,
      "MaxStockThreshold": 3,
      "MinStockThreshold": 1,
      "QuantityPercent": -1,
      "SpawnAttachments": [
        "Range_Rover_Wheel",
        "Range_Rover_Wheel",
        "Range_Rover_Wheel",
        "Range_Rover_Wheel",
        "Range_Rover_Wheel",
        "Range_Rover_Doors_Driver_black",
        "Range_Rover_Doors_coDriver_black",
        "Range_Rover_Doors_cargo1_black",
        "Range_Rover_Doors_cargo2_black",
        "headlighth7",
        "headlighth7",
        "carbattery",
        "carradiator",
        "sparkplug",
        "Range_Rover_Doors_hood_black",
        "Range_Rover_Doors_trunk_black"
      ],
      "Variants": []
    },
    {
      "ClassName": "OffroadRangeRover",
      "MaxPriceThreshold": 35000,
      "MinPriceThreshold": 12000,
      "SellPricePercent": -1,
      "MaxStockThreshold": 3,
      "MinStockThreshold": 1,
      "QuantityPercent": -1,
      "SpawnAttachments": [
        "OffRoadRangeRover_wheel",
        "OffRoadRangeRover_wheel",
        "OffRoadRangeRover_wheel",
        "OffRoadRangeRover_wheel",
        "OffRoadRangeRover_wheel",
        "OffRoadRangeRover_Doors_Driver",
        "OffRoadRangeRover_Doors_coDriver",
        "OffRoadRangeRover_Doors_cargo1",
        "OffRoadRangeRover_Doors_cargo2",
        "headlighth7",
        "headlighth7",
        "carbattery",
        "carradiator",
        "sparkplug",
        "OffRoadRangeRover_Doors_hood",
        "OffRoadRangeRover_Doors_trunk",
        "OffRoadRangeRover_bamper"
      ],
      "Variants": []
    },
    {
      "ClassName": "Rover",
      "MaxPriceThreshold": 28000,
      "MinPriceThreshold": 8000,
      "SellPricePercent": -1,
      "MaxStockThreshold": 3,
      "MinStockThreshold": 1,
      "QuantityPercent": -1,
      "SpawnAttachments": [
        "ROVER_Wheel",
        "ROVER_Wheel",
        "ROVER_Wheel",
        "ROVER_Wheel",
        "ROVER_Wheel",
        "ROVER_Doors_Driver",
        "ROVER_Doors_coDriver",
        "ROVER_Doors_hood",
        "ROVER_Doors_trunk",
        "headlighth7",
        "headlighth7",
        "carbattery",
        "carradiator",
        "sparkplug",
        "ROVER_tent"
      ],
      "Variants": []
    },
    {
      "ClassName": "Rover_camo2",
      "MaxPriceThreshold": 28000,
      "MinPriceThreshold": 8000,
      "SellPricePercent": -1,
      "MaxStockThreshold": 3,
      "MinStockThreshold": 1,
      "QuantityPercent": -1,
      "SpawnAttachments": [
        "ROVER_Wheel",
        "ROVER_Wheel",
        "ROVER_Wheel",
        "ROVER_Wheel",
        "ROVER_Wheel",
        "ROVER_Doors_Driver_camo2",
        "ROVER_Doors_coDriver_camo2",
        "ROVER_Doors_hood_camo2",
        "ROVER_Doors_trunk_camo2",
        "headlighth7",
        "headlighth7",
        "carbattery",
        "carradiator",
        "sparkplug",
        "ROVER_tent_camo2"
      ],
      "Variants": []
    },
    {
      "ClassName": "RAPTOR",
      "MaxPriceThreshold": 99000,
      "MinPriceThreshold": 33000,
      "SellPricePercent": -1,
      "MaxStockThreshold": 3,
      "MinStockThreshold": 1,
      "QuantityPercent": -1,
      "SpawnAttachments": [
        "RAPTOR_Wheel",
        "RAPTOR_Wheel",
        "RAPTOR_Wheel",
        "RAPTOR_Wheel",
        "RAPTOR_Wheel",
        "RAPTOR_Doors_Driver",
        "RAPTOR_Doors_coDriver",
        "RAPTOR_Doors_cargo2",
        "RAPTOR_Doors_cargo1",
        "headlighth7",
        "headlighth7",
        "carbattery",
        "carradiator",
        "sparkplug",
        "RAPTOR_Doors_hood",
        "RAPTOR_Doors_trunk"
      ],
      "Variants": []
    },
    {
      "ClassName": "RAPTOR_grey",
      "MaxPriceThreshold": 99000,
      "MinPriceThreshold": 33000,
      "SellPricePercent": -1,
      "MaxStockThreshold": 3,
      "MinStockThreshold": 1,
      "QuantityPercent": -1,
      "SpawnAttachments": [
        "RAPTOR_Wheel",
        "RAPTOR_Wheel",
        "RAPTOR_Wheel",
        "RAPTOR_Wheel",
        "RAPTOR_Wheel",
        "RAPTOR_Doors_Driver_grey",
        "RAPTOR_Doors_coDriver_grey",
        "RAPTOR_Doors_cargo2_grey",
        "RAPTOR_Doors_cargo1_grey",
        "headlighth7",
        "headlighth7",
        "carbattery",
        "carradiator",
        "sparkplug",
        "RAPTOR_Doors_hood_grey",
        "RAPTOR_Doors_trunk_grey"
      ],
      "Variants": []
    },
    {
      "ClassName": "RAPTOR_red",
      "MaxPriceThreshold": 99000,
      "MinPriceThreshold": 33000,
      "SellPricePercent": -1,
      "MaxStockThreshold": 3,
      "MinStockThreshold": 1,
      "QuantityPercent": -1,
      "SpawnAttachments": [
        "RAPTOR_Wheel",
        "RAPTOR_Wheel",
        "RAPTOR_Wheel",
        "RAPTOR_Wheel",
        "RAPTOR_Wheel",
        "RAPTOR_Doors_Driver_red",
        "RAPTOR_Doors_coDriver_red",
        "RAPTOR_Doors_cargo2_red",
        "RAPTOR_Doors_cargo1_red",
        "headlighth7",
        "headlighth7",
        "carbattery",
        "carradiator",
        "sparkplug",
        "RAPTOR_Doors_hood_red",
        "RAPTOR_Doors_trunk_red"
      ],
      "Variants": []
    },
    {
      "ClassName": "RAPTOR_blue",
      "MaxPriceThreshold": 99000,
      "MinPriceThreshold": 33000,
      "SellPricePercent": -1,
      "MaxStockThreshold": 3,
      "MinStockThreshold": 1,
      "QuantityPercent": -1,
      "SpawnAttachments": [
        "RAPTOR_Wheel",
        "RAPTOR_Wheel",
        "RAPTOR_Wheel",
        "RAPTOR_Wheel",
        "RAPTOR_Wheel",
        "RAPTOR_Doors_Driver_blue",
        "RAPTOR_Doors_coDriver_blue",
        "RAPTOR_Doors_cargo2_blue",
        "RAPTOR_Doors_cargo1_blue",
        "headlighth7",
        "headlighth7",
        "carbattery",
        "carradiator",
        "sparkplug",
        "RAPTOR_Doors_hood_blue",
        "RAPTOR_Doors_trunk_blue"
      ],
      "Variants": []
    },
    {
      "ClassName": "RAPTOR_green",
      "MaxPriceThreshold": 99000,
      "MinPriceThreshold": 33000,
      "SellPricePercent": -1,
      "MaxStockThreshold": 3,
      "MinStockThreshold": 1,
      "QuantityPercent": -1,
      "SpawnAttachments": [
        "RAPTOR_Wheel",
        "RAPTOR_Wheel",
        "RAPTOR_Wheel",
        "RAPTOR_Wheel",
        "RAPTOR_Wheel",
        "RAPTOR_Doors_Driver_green",
        "RAPTOR_Doors_coDriver_green",
        "RAPTOR_Doors_cargo2_green",
        "RAPTOR_Doors_cargo1_green",
        "headlighth7",
        "headlighth7",
        "carbattery",
        "carradiator",
        "sparkplug",
        "RAPTOR_Doors_hood_green",
        "RAPTOR_Doors_trunk_green"
      ],
      "Variants": []
    },
    {
      "ClassName": "RAPTOR_winter",
      "MaxPriceThreshold": 99000,
      "MinPriceThreshold": 33000,
      "SellPricePercent": -1,
      "MaxStockThreshold": 3,
      "MinStockThreshold": 1,
      "QuantityPercent": -1,
      "SpawnAttachments": [
        "RAPTOR_Wheel",
        "RAPTOR_Wheel",
        "RAPTOR_Wheel",
        "RAPTOR_Wheel",
        "RAPTOR_Wheel",
        "RAPTOR_Doors_Driver_winter",
        "RAPTOR_Doors_coDriver_winter",
        "RAPTOR_Doors_cargo2_winter",
        "RAPTOR_Doors_cargo1_winter",
        "headlighth7",
        "headlighth7",
        "carbattery",
        "carradiator",
        "sparkplug",
        "RAPTOR_Doors_hood_winter",
        "RAPTOR_Doors_trunk_winter"
      ],
      "Variants": []
    },
    {
      "ClassName": "ToyotaHilux",
      "MaxPriceThreshold": 48000,
      "MinPriceThreshold": 10000,
      "SellPricePercent": -1,
      "MaxStockThreshold": 3,
      "MinStockThreshold": 1,
      "QuantityPercent": -1,
      "SpawnAttachments": [
        "ToyotaHilux_Wheel",
        "ToyotaHilux_Wheel",
        "ToyotaHilux_Wheel",
        "ToyotaHilux_Wheel",
        "ToyotaHilux_Wheel",
        "ToyotaHilux_Doors_Driver",
        "ToyotaHilux_Doors_CoDriver",
        "ToyotaHilux_Doors_Trunk",
        "ToyotaHilux_Doors_Hood",
        "headlighth7",
        "headlighth7",
        "carbattery",
        "carradiator",
        "sparkplug"
      ],
      "Variants": []
    },
    {
      "ClassName": "Scout_veh",
      "MaxPriceThreshold": 22000,
      "MinPriceThreshold": 4000,
      "SellPricePercent": -1,
      "MaxStockThreshold": 3,
      "MinStockThreshold": 1,
      "QuantityPercent": -1,
      "SpawnAttachments": [
        "Scout_wheel2",
        "Scout_wheel2",
        "Scout_wheel2",
        "Scout_wheel2",
        "Scout_wheel2",
        "Scout_doors_driver",
        "Scout_doors_codriver",
        "Scout_doors_hood",
        "Scout_doors_trunk",
        "headlighth7",
        "headlighth7",
        "carbattery",
        "carradiator",
        "sparkplug",
        "Scout_doors_cargo1"
      ],
      "Variants": []
    },
    {
      "ClassName": "Gelenvagen",
      "MaxPriceThreshold": 50000,
      "MinPriceThreshold": 15000,
      "SellPricePercent": -1,
      "MaxStockThreshold": 3,
      "MinStockThreshold": 1,
      "QuantityPercent": -1,
      "SpawnAttachments": [
        "Gelenvagen_Wheel",
        "Gelenvagen_Wheel",
        "Gelenvagen_Wheel",
        "Gelenvagen_Wheel",
        "Gelenvagen_Wheel",
        "Gelenvagen_Wheel",
        "Gelenvagen_Doors_Driver",
        "Gelenvagen_Doors_coDriver",
        "Gelenvagen_Doors_cargo1",
        "Gelenvagen_Doors_cargo2",
        "headlighth7",
        "headlighth7",
        "carbattery",
        "carradiator",
        "sparkplug",
        "Gelenvagen_Doors_hood",
        "Gelenvagen_Doors_trunk"
      ],
      "Variants": []
    },
    {
      "ClassName": "Gelenvagen_carbon",
      "MaxPriceThreshold": 50000,
      "MinPriceThreshold": 15000,
      "SellPricePercent": -1,
      "MaxStockThreshold": 3,
      "MinStockThreshold": 1,
      "QuantityPercent": -1,
      "SpawnAttachments": [
        "Gelenvagen_Wheel",
        "Gelenvagen_Wheel",
        "Gelenvagen_Wheel",
        "Gelenvagen_Wheel",
        "Gelenvagen_Wheel",
        "Gelenvagen_Wheel",
        "Gelenvagen_Doors_Driver_carbon",
        "Gelenvagen_Doors_coDriver_carbon",
        "Gelenvagen_Doors_cargo1_carbon",
        "Gelenvagen_Doors_cargo2_carbon",
        "headlighth7",
        "headlighth7",
        "carbattery",
        "carradiator",
        "sparkplug",
        "Gelenvagen_Doors_hood_carbon",
        "Gelenvagen_Doors_trunk_carbon"
      ],
      "Variants": []
    },
    {
      "ClassName": "Gelenvagen_flecktarn",
      "MaxPriceThreshold": 50000,
      "MinPriceThreshold": 15000,
      "SellPricePercent": -1,
      "MaxStockThreshold": 3,
      "MinStockThreshold": 1,
      "QuantityPercent": -1,
      "SpawnAttachments": [
        "Gelenvagen_Wheel",
        "Gelenvagen_Wheel",
        "Gelenvagen_Wheel",
        "Gelenvagen_Wheel",
        "Gelenvagen_Wheel",
        "Gelenvagen_Wheel",
        "Gelenvagen_Doors_Driver_flecktarn",
        "Gelenvagen_Doors_coDriver_flecktarn",
        "Gelenvagen_Doors_cargo1_flecktarn",
        "Gelenvagen_Doors_cargo2_flecktarn",
        "headlighth7",
        "headlighth7",
        "carbattery",
        "carradiator",
        "sparkplug",
        "Gelenvagen_Doors_hood_flecktarn",
        "Gelenvagen_Doors_trunk_flecktarn"
      ],
      "Variants": []
    },
    {
      "ClassName": "Gelenvagen_green",
      "MaxPriceThreshold": 50000,
      "MinPriceThreshold": 15000,
      "SellPricePercent": -1,
      "MaxStockThreshold": 3,
      "MinStockThreshold": 1,
      "QuantityPercent": -1,
      "SpawnAttachments": [
        "Gelenvagen_Wheel",
        "Gelenvagen_Wheel",
        "Gelenvagen_Wheel",
        "Gelenvagen_Wheel",
        "Gelenvagen_Wheel",
        "Gelenvagen_Wheel",
        "Gelenvagen_Doors_Driver_green",
        "Gelenvagen_Doors_coDriver_green",
        "Gelenvagen_Doors_cargo1_green",
        "Gelenvagen_Doors_cargo2_green",
        "headlighth7",
        "headlighth7",
        "carbattery",
        "carradiator",
        "sparkplug",
        "Gelenvagen_Doors_hood_green",
        "Gelenvagen_Doors_trunk_green"
      ],
      "Variants": []
    },
    {
      "ClassName": "Gelenvagen_white_camo1",
      "MaxPriceThreshold": 50000,
      "MinPriceThreshold": 15000,
      "SellPricePercent": -1,
      "MaxStockThreshold": 3,
      "MinStockThreshold": 1,
      "QuantityPercent": -1,
      "SpawnAttachments": [
        "Gelenvagen_Wheel",
        "Gelenvagen_Wheel",
        "Gelenvagen_Wheel",
        "Gelenvagen_Wheel",
        "Gelenvagen_Wheel",
        "Gelenvagen_Wheel",
        "Gelenvagen_Doors_Driver_white_camo1",
        "Gelenvagen_Doors_coDriver_white_camo1",
        "Gelenvagen_Doors_cargo1_white_camo1",
        "Gelenvagen_Doors_cargo2_white_camo1",
        "headlighth7",
        "headlighth7",
        "carbattery",
        "carradiator",
        "sparkplug",
        "Gelenvagen_Doors_hood_white_camo1",
        "Gelenvagen_Doors_trunk_white_camo1"
      ],
      "Variants": []
    },
    {
      "ClassName": "Gelenvagen_white_camo2",
      "MaxPriceThreshold": 50000,
      "MinPriceThreshold": 15000,
      "SellPricePercent": -1,
      "MaxStockThreshold": 3,
      "MinStockThreshold": 1,
      "QuantityPercent": -1,
      "SpawnAttachments": [
        "Gelenvagen_Wheel",
        "Gelenvagen_Wheel",
        "Gelenvagen_Wheel",
        "Gelenvagen_Wheel",
        "Gelenvagen_Wheel",
        "Gelenvagen_Wheel",
        "Gelenvagen_Doors_Driver_white_camo2",
        "Gelenvagen_Doors_coDriver_white_camo2",
        "Gelenvagen_Doors_cargo1_white_camo2",
        "Gelenvagen_Doors_cargo2_white_camo2",
        "headlighth7",
        "headlighth7",
        "carbattery",
        "carradiator",
        "sparkplug",
        "Gelenvagen_Doors_hood_white_camo2",
        "Gelenvagen_Doors_trunk_white_camo2"
      ],
      "Variants": []
    },
    {
      "ClassName": "UAZ469",
      "MaxPriceThreshold": 34500,
      "MinPriceThreshold": 8000,
      "SellPricePercent": -1,
      "MaxStockThreshold": 3,
      "MinStockThreshold": 1,
      "QuantityPercent": -1,
      "SpawnAttachments": [
        "UAZ469_Wheel",
        "UAZ469_Wheel",
        "UAZ469_Wheel",
        "UAZ469_Wheel",
        "UAZ469_Wheel",
        "UAZ469_Doors_Driver",
        "UAZ469_Doors_coDriver",
        "UAZ469_Doors_cargo1",
        "UAZ469_Doors_cargo2",
        "headlighth7",
        "headlighth7",
        "carbattery",
        "carradiator",
        "sparkplug",
        "UAZ469_Doors_hood",
        "UAZ469_Doors_trunk"
      ],
      "Variants": []
    },
    {
      "ClassName": "UAZ469_offroad_Blue",
      "MaxPriceThreshold": 34500,
      "MinPriceThreshold": 8000,
      "SellPricePercent": -1,
      "MaxStockThreshold": 3,
      "MinStockThreshold": 1,
      "QuantityPercent": -1,
      "SpawnAttachments": [
        "UAZ469_offroad_Wheel",
        "UAZ469_offroad_Wheel",
        "UAZ469_offroad_Wheel",
        "UAZ469_offroad_Wheel",
        "UAZ469_offroad_Wheel",
        "UAZ469_offroad_Doors_Driver_Blue",
        "UAZ469_offroad_Doors_coDriver_Blue",
        "UAZ469_offroad_Doors_cargo1_Blue",
        "UAZ469_offroad_Doors_cargo2_Blue",
        "headlighth7",
        "headlighth7",
        "carbattery",
        "carradiator",
        "sparkplug",
        "UAZ469_offroad_Doors_cargo3_Blue",
        "UAZ469_offroad_Doors_hood_Blue",
        "UAZ469_offroad_Doors_trunk_Blue"
      ],
      "Variants": []
    },
    {
      "ClassName": "UAZ469_offroad",
      "MaxPriceThreshold": 34500,
      "MinPriceThreshold": 8000,
      "SellPricePercent": -1,
      "MaxStockThreshold": 3,
      "MinStockThreshold": 1,
      "QuantityPercent": -1,
      "SpawnAttachments": [
        "UAZ469_offroad_Wheel",
        "UAZ469_offroad_Wheel",
        "UAZ469_offroad_Wheel",
        "UAZ469_offroad_Wheel",
        "UAZ469_offroad_Wheel",
        "UAZ469_offroad_Doors_Driver",
        "UAZ469_offroad_Doors_coDriver",
        "UAZ469_offroad_Doors_cargo1",
        "UAZ469_offroad_Doors_cargo2",
        "headlighth7",
        "headlighth7",
        "carbattery",
        "carradiator",
        "sparkplug",
        "UAZ469_offroad_Doors_cargo3",
        "UAZ469_offroad_Doors_hood",
        "UAZ469_offroad_Doors_trunk"
      ],
      "Variants": []
    }
  ]
}