{
  "m_Version": 12,
  "DisplayName": "#Buses",
  "Icon": "Deliver",
  "Color": "FBFCFEFF",
  "IsExchange": 0,
  "InitStockPercent": 75,
  "Items": [
    {
      "ClassName": "Camper",
      "MaxPriceThreshold": 190000,
      "MinPriceThreshold": 150000,
      "SellPricePercent": -1,
      "MaxStockThreshold": 3,
      "MinStockThreshold": 1,
      "QuantityPercent": -1,
      "SpawnAttachments": [
        "Camper_Wheel",
        "Camper_Wheel",
        "Camper_Wheel",
        "Camper_Wheel",
        "Camper_Wheel",
        "Camper_Doors_Driver",
        "Camper_Doors_coDriver",
        "Camper_Doors_hood",
        "Camper_Doors_cargo1",
        "headlighth7",
        "headlighth7",
        "carbattery",
        "carradiator",
        "sparkplug"
      ],
      "Variants": []
    },
    {
      "ClassName": "Camper_Blue",
      "MaxPriceThreshold": 190000,
      "MinPriceThreshold": 150000,
      "SellPricePercent": -1,
      "MaxStockThreshold": 3,
      "MinStockThreshold": 1,
      "QuantityPercent": -1,
      "SpawnAttachments": [
        "Camper_Wheel",
        "Camper_Wheel",
        "Camper_Wheel",
        "Camper_Wheel",
        "Camper_Wheel",
        "Camper_Doors_Driver_blue",
        "Camper_Doors_coDriver_blue",
        "Camper_Doors_hood_blue",
        "Camper_Doors_cargo1_blue",
        "headlighth7",
        "headlighth7",
        "carbattery",
        "carradiator",
        "sparkplug"
      ],
      "Variants": []
    },
    {
      "ClassName": "Camper_red",
      "MaxPriceThreshold": 190000,
      "MinPriceThreshold": 150000,
      "SellPricePercent": -1,
      "MaxStockThreshold": 3,
      "MinStockThreshold": 1,
      "QuantityPercent": -1,
      "SpawnAttachments": [
        "Camper_Wheel",
        "Camper_Wheel",
        "Camper_Wheel",
        "Camper_Wheel",
        "Camper_Wheel",
        "Camper_Doors_Driver_red",
        "Camper_Doors_coDriver_red",
        "Camper_Doors_hood_red",
        "Camper_Doors_cargo1_red",
        "headlighth7",
        "headlighth7",
        "carbattery",
        "carradiator",
        "sparkplug"
      ],
      "Variants": []
    },
    {
      "ClassName": "MotorHome",
      "MaxPriceThreshold": 250000,
      "MinPriceThreshold": 200000,
      "SellPricePercent": -1,
      "MaxStockThreshold": 3,
      "MinStockThreshold": 1,
      "QuantityPercent": -1,
      "SpawnAttachments": [
        "MotorHome_Wheel",
        "MotorHome_Wheel",
        "MotorHome_Wheel",
        "MotorHome_Wheel",
        "MotorHome_Wheel",
        "MotorHome_Doors_Driver",
        "MotorHome_Doors_hood_left",
        "MotorHome_Doors_hood_right",
        "headlighth7",
        "headlighth7",
        "carbattery",
        "carradiator",
        "sparkplug"
      ],
      "Variants": []
    },
    {
      "ClassName": "PAZ",
      "MaxPriceThreshold": 165000,
      "MinPriceThreshold": 145000,
      "SellPricePercent": -1,
      "MaxStockThreshold": 3,
      "MinStockThreshold": 1,
      "QuantityPercent": -1,
      "SpawnAttachments": [
        "PAZ_Wheel",
        "PAZ_Wheel",
        "PAZ_Wheel",
        "PAZ_Wheel",
        "PAZ_Wheel",
        "PAZ_Doors_Driver",
        "PAZ_Doors_cargo1",
        "PAZ_Doors_cargo2",
        "PAZ_Doors_hood",
        "headlighth7",
        "headlighth7",
        "carbattery",
        "carradiator",
        "sparkplug"
      ],
      "Variants": []
    },
    {
      "ClassName": "PAZ_blue",
      "MaxPriceThreshold": 165000,
      "MinPriceThreshold": 145000,
      "SellPricePercent": -1,
      "MaxStockThreshold": 3,
      "MinStockThreshold": 1,
      "QuantityPercent": -1,
      "SpawnAttachments": [
        "PAZ_Wheel",
        "PAZ_Wheel",
        "PAZ_Wheel",
        "PAZ_Wheel",
        "PAZ_Wheel",
        "PAZ_Doors_Driver_blue",
        "PAZ_Doors_cargo1_blue",
        "PAZ_Doors_cargo2_blue",
        "PAZ_Doors_hood_blue",
        "headlighth7",
        "headlighth7",
        "carbattery",
        "carradiator",
        "sparkplug"
      ],
      "Variants": []
    },
    {
      "ClassName": "PAZ_beige",
      "MaxPriceThreshold": 165000,
      "MinPriceThreshold": 145000,
      "SellPricePercent": -1,
      "MaxStockThreshold": 3,
      "MinStockThreshold": 1,
      "QuantityPercent": -1,
      "SpawnAttachments": [
        "PAZ_Wheel",
        "PAZ_Wheel",
        "PAZ_Wheel",
        "PAZ_Wheel",
        "PAZ_Wheel",
        "PAZ_Doors_Driver_beige",
        "PAZ_Doors_cargo1_beige",
        "PAZ_Doors_cargo2_beige",
        "PAZ_Doors_hood_beige",
        "headlighth7",
        "headlighth7",
        "carbattery",
        "carradiator",
        "sparkplug"
      ],
      "Variants": []
    },
    {
      "ClassName": "PAZ_green",
      "MaxPriceThreshold": 165000,
      "MinPriceThreshold": 145000,
      "SellPricePercent": -1,
      "MaxStockThreshold": 3,
      "MinStockThreshold": 1,
      "QuantityPercent": -1,
      "SpawnAttachments": [
        "PAZ_Wheel",
        "PAZ_Wheel",
        "PAZ_Wheel",
        "PAZ_Wheel",
        "PAZ_Wheel",
        "PAZ_Doors_Driver_green",
        "PAZ_Doors_cargo1_green",
        "PAZ_Doors_cargo2_green",
        "PAZ_Doors_hood_green",
        "headlighth7",
        "headlighth7",
        "carbattery",
        "carradiator",
        "sparkplug"
      ],
      "Variants": []
    },
    {
      "ClassName": "PAZ_red",
      "MaxPriceThreshold": 165000,
      "MinPriceThreshold": 145000,
      "SellPricePercent": -1,
      "MaxStockThreshold": 3,
      "MinStockThreshold": 1,
      "QuantityPercent": -1,
      "SpawnAttachments": [
        "PAZ_Wheel",
        "PAZ_Wheel",
        "PAZ_Wheel",
        "PAZ_Wheel",
        "PAZ_Wheel",
        "PAZ_Doors_Driver_red",
        "PAZ_Doors_cargo1_red",
        "PAZ_Doors_cargo2_red",
        "PAZ_Doors_hood_red",
        "headlighth7",
        "headlighth7",
        "carbattery",
        "carradiator",
        "sparkplug"
      ],
      "Variants": []
    },
    {
      "ClassName": "PAZprison",
      "MaxPriceThreshold": 200000,
      "MinPriceThreshold": 175000,
      "SellPricePercent": -1,
      "MaxStockThreshold": 3,
      "MinStockThreshold": 1,
      "QuantityPercent": -1,
      "SpawnAttachments": [
        "PAZprison_Wheel",
        "PAZprison_Wheel",
        "PAZprison_Wheel",
        "PAZprison_Wheel",
        "PAZprison_Wheel",
        "pazprison_Doors_Driver",
        "pazprison_Doors_hood",
        "pazprison_door",
        "headlighth7",
        "headlighth7",
        "carbattery",
        "carradiator",
        "sparkplug"
      ],
      "Variants": []
    },
    {
      "ClassName": "UAZ_3909",
      "MaxPriceThreshold": 175000,
      "MinPriceThreshold": 150000,
      "SellPricePercent": -1,
      "MaxStockThreshold": 3,
      "MinStockThreshold": 1,
      "QuantityPercent": -1,
      "SpawnAttachments": [
        "UAZ_3909_Wheel",
        "UAZ_3909_Wheel",
        "UAZ_3909_Wheel",
        "UAZ_3909_Wheel",
        "UAZ_3909_Wheel",
        "UAZ_3909_Doors_Driver",
        "UAZ_3909_Doors_coDriver",
        "UAZ_3909_Doors_cargo1",
        "UAZ_3909_Doors_cargo2",
        "headlighth7",
        "headlighth7",
        "carbattery",
        "carradiator",
        "sparkplug",
        "UAZ_3909_Doors_hood",
        "UAZ_3909_Doors_cargo3"
      ],
      "Variants": []
    },
    {
      "ClassName": "UAZ_3909_blue",
      "MaxPriceThreshold": 175000,
      "MinPriceThreshold": 150000,
      "SellPricePercent": -1,
      "MaxStockThreshold": 3,
      "MinStockThreshold": 1,
      "QuantityPercent": -1,
      "SpawnAttachments": [
        "UAZ_3909_Wheel",
        "UAZ_3909_Wheel",
        "UAZ_3909_Wheel",
        "UAZ_3909_Wheel",
        "UAZ_3909_Wheel",
        "UAZ_3909_Doors_Driver_blue",
        "UAZ_3909_Doors_coDriver_blue",
        "UAZ_3909_Doors_cargo1_blue",
        "UAZ_3909_Doors_cargo2_blue",
        "headlighth7",
        "headlighth7",
        "carbattery",
        "carradiator",
        "sparkplug",
        "UAZ_3909_Doors_hood_blue",
        "UAZ_3909_Doors_cargo3_blue"
      ],
      "Variants": []
    },
    {
      "ClassName": "UAZ_3909_beige",
      "MaxPriceThreshold": 150000,
      "MinPriceThreshold": 125000,
      "SellPricePercent": -1,
      "MaxStockThreshold": 3,
      "MinStockThreshold": 1,
      "QuantityPercent": -1,
      "SpawnAttachments": [
        "UAZ_3909_Wheel",
        "UAZ_3909_Wheel",
        "UAZ_3909_Wheel",
        "UAZ_3909_Wheel",
        "UAZ_3909_Wheel",
        "UAZ_3909_Doors_Driver_beige",
        "UAZ_3909_Doors_coDriver_beige",
        "UAZ_3909_Doors_cargo1_beige",
        "UAZ_3909_Doors_cargo2_beige",
        "headlighth7",
        "headlighth7",
        "carbattery",
        "carradiator",
        "sparkplug",
        "UAZ_3909_Doors_hood_beige",
        "UAZ_3909_Doors_cargo3_beige"
      ],
      "Variants": []
    },
    {
      "ClassName": "UAZ_3909_chaki1",
      "MaxPriceThreshold": 175000,
      "MinPriceThreshold": 150000,
      "SellPricePercent": -1,
      "MaxStockThreshold": 3,
      "MinStockThreshold": 1,
      "QuantityPercent": -1,
      "SpawnAttachments": [
        "UAZ_3909_Wheel",
        "UAZ_3909_Wheel",
        "UAZ_3909_Wheel",
        "UAZ_3909_Wheel",
        "UAZ_3909_Wheel",
        "UAZ_3909_Doors_Driver_chaki1",
        "UAZ_3909_Doors_coDriver_chaki1",
        "UAZ_3909_Doors_cargo1_chaki1",
        "UAZ_3909_Doors_cargo2_chaki1",
        "headlighth7",
        "headlighth7",
        "carbattery",
        "carradiator",
        "sparkplug",
        "UAZ_3909_Doors_hood_chaki1",
        "UAZ_3909_Doors_cargo3_chaki1"
      ],
      "Variants": []
    },
    {
      "ClassName": "UAZ_3909_chaki2",
      "MaxPriceThreshold": 175000,
      "MinPriceThreshold": 150000,
      "SellPricePercent": -1,
      "MaxStockThreshold": 3,
      "MinStockThreshold": 1,
      "QuantityPercent": -1,
      "SpawnAttachments": [
        "UAZ_3909_Wheel",
        "UAZ_3909_Wheel",
        "UAZ_3909_Wheel",
        "UAZ_3909_Wheel",
        "UAZ_3909_Wheel",
        "UAZ_3909_Doors_Driver_chaki2",
        "UAZ_3909_Doors_coDriver_chaki2",
        "UAZ_3909_Doors_cargo1_chaki2",
        "UAZ_3909_Doors_cargo2_chaki2",
        "headlighth7",
        "headlighth7",
        "carbattery",
        "carradiator",
        "sparkplug",
        "UAZ_3909_Doors_hood_chaki2",
        "UAZ_3909_Doors_cargo3_chaki2"
      ],
      "Variants": []
    },
    {
      "ClassName": "UAZ_3909_medic",
      "MaxPriceThreshold": 200000,
      "MinPriceThreshold": 180000,
      "SellPricePercent": -1,
      "MaxStockThreshold": 3,
      "MinStockThreshold": 1,
      "QuantityPercent": -1,
      "SpawnAttachments": [
        "UAZ_3909_Wheel",
        "UAZ_3909_Wheel",
        "UAZ_3909_Wheel",
        "UAZ_3909_Wheel",
        "UAZ_3909_Wheel",
        "UAZ_3909_Doors_Driver_medic",
        "UAZ_3909_Doors_coDriver_medic",
        "UAZ_3909_Doors_cargo1_medic",
        "UAZ_3909_Doors_cargo2_medic",
        "headlighth7",
        "headlighth7",
        "carbattery",
        "carradiator",
        "sparkplug",
        "UAZ_3909_Doors_hood_medic",
        "UAZ_3909_Doors_cargo3_medic"
      ],
      "Variants": []
    },
    {
      "ClassName": "UAZ_3909_police",
      "MaxPriceThreshold": 200000,
      "MinPriceThreshold": 200000,
      "SellPricePercent": -1,
      "MaxStockThreshold": 3,
      "MinStockThreshold": 1,
      "QuantityPercent": -1,
      "SpawnAttachments": [
        "UAZ_3909_Wheel",
        "UAZ_3909_Wheel",
        "UAZ_3909_Wheel",
        "UAZ_3909_Wheel",
        "UAZ_3909_Wheel",
        "UAZ_3909_Doors_Driver_police",
        "UAZ_3909_Doors_coDriver_police",
        "UAZ_3909_Doors_cargo1_police",
        "UAZ_3909_Doors_cargo2_police",
        "headlighth7",
        "headlighth7",
        "carbattery",
        "carradiator",
        "sparkplug",
        "UAZ_3909_Doors_hood_police",
        "UAZ_3909_Doors_cargo3_police"
      ],
      "Variants": []
    }
  ]
}