{
  "m_Version": 12,
  "DisplayName": "#Cars",
  "Icon": "Deliver",
  "Color": "FBFCFEFF",
  "IsExchange": 0,
  "InitStockPercent": 75,
  "Items": [
    {
      "ClassName": "Audi_RS6",
      "MaxPriceThreshold": 89000,
      "MinPriceThreshold": 75000,
      "SellPricePercent": -1,
      "MaxStockThreshold": 3,
      "MinStockThreshold": 1,
      "QuantityPercent": -1,
      "SpawnAttachments": [
        "Audi_RS6_Wheel",
        "Audi_RS6_Wheel",
        "Audi_RS6_Wheel",
        "Audi_RS6_Wheel",
        "Audi_RS6_Wheel",
        "Audi_RS6_Doors_Driver",
        "Audi_RS6_Doors_coDriver",
        "Audi_RS6_Doors_cargo1",
        "Audi_RS6_Doors_cargo2",
        "Audi_RS6_Doors_hood",
        "headlighth7",
        "headlighth7",
        "carbattery",
        "carradiator",
        "sparkplug"
      ],
      "Variants": []
    },
    {
      "ClassName": "Audi_RS6_black",
      "MaxPriceThreshold": 89000,
      "MinPriceThreshold": 75000,
      "SellPricePercent": -1,
      "MaxStockThreshold": 3,
      "MinStockThreshold": 1,
      "QuantityPercent": -1,
      "SpawnAttachments": [
        "Audi_RS6_Wheel_black",
        "Audi_RS6_Wheel_black",
        "Audi_RS6_Wheel_black",
        "Audi_RS6_Wheel_black",
        "Audi_RS6_Wheel_black",
        "Audi_RS6_Doors_Driver_black",
        "Audi_RS6_Doors_coDriver_black",
        "Audi_RS6_Doors_cargo1_black",
        "Audi_RS6_Doors_cargo2_black",
        "Audi_RS6_Doors_hood_black",
        "headlighth7",
        "headlighth7",
        "carbattery",
        "carradiator",
        "sparkplug"
      ],
      "Variants": []
    },
    {
      "ClassName": "Audi_RS6_white",
      "MaxPriceThreshold": 89000,
      "MinPriceThreshold": 75000,
      "SellPricePercent": -1,
      "MaxStockThreshold": 3,
      "MinStockThreshold": 1,
      "QuantityPercent": -1,
      "SpawnAttachments": [
        "Audi_RS6_Wheel",
        "Audi_RS6_Wheel",
        "Audi_RS6_Wheel",
        "Audi_RS6_Wheel",
        "Audi_RS6_Wheel",
        "Audi_RS6_Doors_Driver_white",
        "Audi_RS6_Doors_coDriver_white",
        "Audi_RS6_Doors_cargo1_white",
        "Audi_RS6_Doors_cargo2_white",
        "Audi_RS6_Doors_hood_white",
        "headlighth7",
        "headlighth7",
        "carbattery",
        "carradiator",
        "sparkplug"
      ],
      "Variants": []
    },
    {
      "ClassName": "Audi_RS6_red",
      "MaxPriceThreshold": 89000,
      "MinPriceThreshold": 75000,
      "SellPricePercent": -1,
      "MaxStockThreshold": 3,
      "MinStockThreshold": 1,
      "QuantityPercent": -1,
      "SpawnAttachments": [
        "Audi_RS6_Wheel_red",
        "Audi_RS6_Wheel_red",
        "Audi_RS6_Wheel_red",
        "Audi_RS6_Wheel_red",
        "Audi_RS6_Wheel_red",
        "Audi_RS6_Doors_Driver_red",
        "Audi_RS6_Doors_coDriver_red",
        "Audi_RS6_Doors_cargo1_red",
        "Audi_RS6_Doors_cargo2_red",
        "Audi_RS6_Doors_hood_red",
        "headlighth7",
        "headlighth7",
        "carbattery",
        "carradiator",
        "sparkplug"
      ],
      "Variants": []
    },
    {
      "ClassName": "Audi_RS6_chrome",
      "MaxPriceThreshold": 89000,
      "MinPriceThreshold": 75000,
      "SellPricePercent": -1,
      "MaxStockThreshold": 3,
      "MinStockThreshold": 1,
      "QuantityPercent": -1,
      "SpawnAttachments": [
        "Audi_RS6_Wheel",
        "Audi_RS6_Wheel",
        "Audi_RS6_Wheel",
        "Audi_RS6_Wheel",
        "Audi_RS6_Wheel",
        "Audi_RS6_Doors_Driver_chrome",
        "Audi_RS6_Doors_coDriver_chrome",
        "Audi_RS6_Doors_cargo1_chrome",
        "Audi_RS6_Doors_cargo2_chrome",
        "Audi_RS6_Doors_hood_chrome",
        "headlighth7",
        "headlighth7",
        "carbattery",
        "carradiator",
        "sparkplug"
      ],
      "Variants": []
    },
    {
      "ClassName": "Audi_RS6_flecktarn",
      "MaxPriceThreshold": 89000,
      "MinPriceThreshold": 75000,
      "SellPricePercent": -1,
      "MaxStockThreshold": 3,
      "MinStockThreshold": 1,
      "QuantityPercent": -1,
      "SpawnAttachments": [
        "Audi_RS6_Wheel",
        "Audi_RS6_Wheel",
        "Audi_RS6_Wheel",
        "Audi_RS6_Wheel",
        "Audi_RS6_Wheel",
        "Audi_RS6_Doors_Driver_flecktarn",
        "Audi_RS6_Doors_coDriver_flecktarn",
        "Audi_RS6_Doors_cargo1_flecktarn",
        "Audi_RS6_Doors_cargo2_flecktarn",
        "Audi_RS6_Doors_hood_flecktarn",
        "headlighth7",
        "headlighth7",
        "carbattery",
        "carradiator",
        "sparkplug"
      ],
      "Variants": []
    },
    {
      "ClassName": "Audi_RS6_WINTER",
      "MaxPriceThreshold": 89000,
      "MinPriceThreshold": 75000,
      "SellPricePercent": -1,
      "MaxStockThreshold": 3,
      "MinStockThreshold": 1,
      "QuantityPercent": -1,
      "SpawnAttachments": [
        "Audi_RS6_Wheel",
        "Audi_RS6_Wheel",
        "Audi_RS6_Wheel",
        "Audi_RS6_Wheel",
        "Audi_RS6_Wheel",
        "Audi_RS6_Doors_Driver_WINTER",
        "Audi_RS6_Doors_coDriver_WINTER",
        "Audi_RS6_Doors_cargo1_WINTER",
        "Audi_RS6_Doors_cargo2_WINTER",
        "Audi_RS6_Doors_hood_WINTER",
        "headlighth7",
        "headlighth7",
        "carbattery",
        "carradiator",
        "sparkplug"
      ],
      "Variants": []
    },
    {
      "ClassName": "BMW",
      "MaxPriceThreshold": 25000,
      "MinPriceThreshold": 20000,
      "SellPricePercent": -1,
      "MaxStockThreshold": 3,
      "MinStockThreshold": 1,
      "QuantityPercent": -1,
      "SpawnAttachments": [
        "bmw_wheel",
        "bmw_wheel",
        "bmw_wheel",
        "bmw_wheel",
        "bmw_wheel",
        "BMW_Doors_Driver",
        "BMW_Doors_coDriver",
        "BMW_Doors_cargo1",
        "BMW_Doors_cargo2",
        "BMW_Doors_hood",
        "BMW_Doors_trunk",
        "headlighth7",
        "headlighth7",
        "carbattery",
        "carradiator",
        "sparkplug"
      ],
      "Variants": []
    },
    {
      "ClassName": "BMW_White",
      "MaxPriceThreshold": 22500,
      "MinPriceThreshold": 20000,
      "SellPricePercent": -1,
      "MaxStockThreshold": 3,
      "MinStockThreshold": 1,
      "QuantityPercent": -1,
      "SpawnAttachments": [
        "bmw_wheel",
        "bmw_wheel",
        "bmw_wheel",
        "bmw_wheel",
        "bmw_wheel",
        "BMW_Doors_Driver_white",
        "BMW_Doors_coDriver_white",
        "BMW_Doors_cargo1_white",
        "BMW_Doors_cargo2_white",
        "BMW_Doors_hood_white",
        "BMW_Doors_trunk_white",
        "headlighth7",
        "headlighth7",
        "carbattery",
        "carradiator",
        "sparkplug"
      ],
      "Variants": []
    },
    {
      "ClassName": "BMW_black",
      "MaxPriceThreshold": 22500,
      "MinPriceThreshold": 20000,
      "SellPricePercent": -1,
      "MaxStockThreshold": 3,
      "MinStockThreshold": 1,
      "QuantityPercent": -1,
      "SpawnAttachments": [
        "bmw_wheel",
        "bmw_wheel",
        "bmw_wheel",
        "bmw_wheel",
        "bmw_wheel",
        "BMW_Doors_Driver_black",
        "BMW_Doors_coDriver_black",
        "BMW_Doors_cargo1_black",
        "BMW_Doors_cargo2_black",
        "BMW_Doors_hood_black",
        "BMW_Doors_trunk_black",
        "headlighth7",
        "headlighth7",
        "carbattery",
        "carradiator",
        "sparkplug"
      ],
      "Variants": []
    },
    {
      "ClassName": "BMW_red",
      "MaxPriceThreshold": 22500,
      "MinPriceThreshold": 20000,
      "SellPricePercent": -1,
      "MaxStockThreshold": 3,
      "MinStockThreshold": 1,
      "QuantityPercent": -1,
      "SpawnAttachments": [
        "bmw_wheel",
        "bmw_wheel",
        "bmw_wheel",
        "bmw_wheel",
        "bmw_wheel",
        "BMW_Doors_Driver_red",
        "BMW_Doors_coDriver_red",
        "BMW_Doors_cargo1_red",
        "BMW_Doors_cargo2_red",
        "BMW_Doors_hood_red",
        "BMW_Doors_trunk_red",
        "headlighth7",
        "headlighth7",
        "carbattery",
        "carradiator",
        "sparkplug"
      ],
      "Variants": []
    },
    {
      "ClassName": "BMW_lightgreen",
      "MaxPriceThreshold": 22500,
      "MinPriceThreshold": 20000,
      "SellPricePercent": -1,
      "MaxStockThreshold": 3,
      "MinStockThreshold": 1,
      "QuantityPercent": -1,
      "SpawnAttachments": [
        "bmw_wheel",
        "bmw_wheel",
        "bmw_wheel",
        "bmw_wheel",
        "bmw_wheel",
        "BMW_Doors_Driver_lightgreen",
        "BMW_Doors_coDriver_lightgreen",
        "BMW_Doors_cargo1_lightgreen",
        "BMW_Doors_cargo2_lightgreen",
        "BMW_Doors_hood_lightgreen",
        "BMW_Doors_trunk_lightgreen",
        "headlighth7",
        "headlighth7",
        "carbattery",
        "carradiator",
        "sparkplug"
      ],
      "Variants": []
    },
    {
      "ClassName": "BMW_green",
      "MaxPriceThreshold": 22500,
      "MinPriceThreshold": 20000,
      "SellPricePercent": -1,
      "MaxStockThreshold": 3,
      "MinStockThreshold": 1,
      "QuantityPercent": -1,
      "SpawnAttachments": [
        "bmw_wheel",
        "bmw_wheel",
        "bmw_wheel",
        "bmw_wheel",
        "bmw_wheel",
        "BMW_Doors_Driver_green",
        "BMW_Doors_coDriver_green",
        "BMW_Doors_cargo1_green",
        "BMW_Doors_cargo2_green",
        "BMW_Doors_hood_green",
        "BMW_Doors_trunk_green",
        "headlighth7",
        "headlighth7",
        "carbattery",
        "carradiator",
        "sparkplug"
      ],
      "Variants": []
    },
    {
      "ClassName": "Chevrolet_Camaro",
      "MaxPriceThreshold": 28000,
      "MinPriceThreshold": 26000,
      "SellPricePercent": -1,
      "MaxStockThreshold": 3,
      "MinStockThreshold": 1,
      "QuantityPercent": -1,
      "SpawnAttachments": [
        "Chevrolet_Camaro_Wheel",
        "Chevrolet_Camaro_Wheel",
        "Chevrolet_Camaro_Wheel",
        "Chevrolet_Camaro_Wheel",
        "Chevrolet_Camaro_Wheel",
        "Chevrolet_Camaro_Doors_Driver",
        "Chevrolet_Camaro_Doors_coDriver",
        "Chevrolet_Camaro_Doors_hood",
        "Chevrolet_Camaro_Doors_trunk",
        "headlighth7",
        "headlighth7",
        "carbattery",
        "carradiator",
        "sparkplug"
      ],
      "Variants": []
    },
    {
      "ClassName": "Chevrolet_Camaro_black",
      "MaxPriceThreshold": 28000,
      "MinPriceThreshold": 26000,
      "SellPricePercent": -1,
      "MaxStockThreshold": 3,
      "MinStockThreshold": 1,
      "QuantityPercent": -1,
      "SpawnAttachments": [
        "Chevrolet_Camaro_Wheel",
        "Chevrolet_Camaro_Wheel",
        "Chevrolet_Camaro_Wheel",
        "Chevrolet_Camaro_Wheel",
        "Chevrolet_Camaro_Wheel",
        "Chevrolet_Camaro_Doors_Driver_black",
        "Chevrolet_Camaro_Doors_coDriver_black",
        "Chevrolet_Camaro_Doors_hood_black",
        "Chevrolet_Camaro_Doors_trunk_black",
        "headlighth7",
        "headlighth7",
        "carbattery",
        "carradiator",
        "sparkplug"
      ],
      "Variants": []
    },
    {
      "ClassName": "Chevrolet_Camaro_red",
      "MaxPriceThreshold": 28000,
      "MinPriceThreshold": 26000,
      "SellPricePercent": -1,
      "MaxStockThreshold": 3,
      "MinStockThreshold": 1,
      "QuantityPercent": -1,
      "SpawnAttachments": [
        "Chevrolet_Camaro_Wheel",
        "Chevrolet_Camaro_Wheel",
        "Chevrolet_Camaro_Wheel",
        "Chevrolet_Camaro_Wheel",
        "Chevrolet_Camaro_Wheel",
        "Chevrolet_Camaro_Doors_Driver_red",
        "Chevrolet_Camaro_Doors_coDriver_red",
        "Chevrolet_Camaro_Doors_hood_red",
        "Chevrolet_Camaro_Doors_trunk_red",
        "headlighth7",
        "headlighth7",
        "carbattery",
        "carradiator",
        "sparkplug"
      ],
      "Variants": []
    },
    {
      "ClassName": "Chevrolet_Camaro_yellow",
      "MaxPriceThreshold": 28000,
      "MinPriceThreshold": 26000,
      "SellPricePercent": -1,
      "MaxStockThreshold": 3,
      "MinStockThreshold": 1,
      "QuantityPercent": -1,
      "SpawnAttachments": [
        "Chevrolet_Camaro_Wheel",
        "Chevrolet_Camaro_Wheel",
        "Chevrolet_Camaro_Wheel",
        "Chevrolet_Camaro_Wheel",
        "Chevrolet_Camaro_Wheel",
        "Chevrolet_Camaro_Doors_Driver_yellow",
        "Chevrolet_Camaro_Doors_coDriver_yellow",
        "Chevrolet_Camaro_Doors_hood_yellow",
        "Chevrolet_Camaro_Doors_trunk_yellow",
        "headlighth7",
        "headlighth7",
        "carbattery",
        "carradiator",
        "sparkplug"
      ],
      "Variants": []
    },
    {
      "ClassName": "Chevrolet_Camaro_kamo",
      "MaxPriceThreshold": 28000,
      "MinPriceThreshold": 26000,
      "SellPricePercent": -1,
      "MaxStockThreshold": 3,
      "MinStockThreshold": 1,
      "QuantityPercent": -1,
      "SpawnAttachments": [
        "Chevrolet_Camaro_Wheel",
        "Chevrolet_Camaro_Wheel",
        "Chevrolet_Camaro_Wheel",
        "Chevrolet_Camaro_Wheel",
        "Chevrolet_Camaro_Wheel",
        "Chevrolet_Camaro_Doors_Driver_kamo",
        "Chevrolet_Camaro_Doors_coDriver_kamo",
        "Chevrolet_Camaro_Doors_hood_kamo",
        "Chevrolet_Camaro_Doors_trunk_kamo",
        "headlighth7",
        "headlighth7",
        "carbattery",
        "carradiator",
        "sparkplug"
      ],
      "Variants": []
    },
    {
      "ClassName": "Chevrolet_Camaro_pink",
      "MaxPriceThreshold": 28000,
      "MinPriceThreshold": 26000,
      "SellPricePercent": -1,
      "MaxStockThreshold": 3,
      "MinStockThreshold": 1,
      "QuantityPercent": -1,
      "SpawnAttachments": [
        "Chevrolet_Camaro_Wheel",
        "Chevrolet_Camaro_Wheel",
        "Chevrolet_Camaro_Wheel",
        "Chevrolet_Camaro_Wheel",
        "Chevrolet_Camaro_Wheel",
        "Chevrolet_Camaro_Doors_Driver_pink",
        "Chevrolet_Camaro_Doors_coDriver_pink",
        "Chevrolet_Camaro_Doors_hood_pink",
        "Chevrolet_Camaro_Doors_trunk_pink",
        "headlighth7",
        "headlighth7",
        "carbattery",
        "carradiator",
        "sparkplug"
      ],
      "Variants": []
    },
    {
      "ClassName": "ChevroletCorvette",
      "MaxPriceThreshold": 55000,
      "MinPriceThreshold": 45000,
      "SellPricePercent": -1,
      "MaxStockThreshold": 3,
      "MinStockThreshold": 1,
      "QuantityPercent": -1,
      "SpawnAttachments": [
        "ChevroletCorvette_Wheel",
        "ChevroletCorvette_Wheel",
        "ChevroletCorvette_Wheel",
        "ChevroletCorvette_Wheel",
        "ChevroletCorvette_Wheel",
        "ChevroletCorvette_Doors_Driver",
        "ChevroletCorvette_Doors_coDriver",
        "ChevroletCorvette_Doors_hood",
        "Chevrolet_Camaro_Doors_trunk",
        "headlighth7",
        "headlighth7",
        "carbattery",
        "carradiator",
        "sparkplug"
      ],
      "Variants": []
    },
    {
      "ClassName": "ChevroletCorvette_white",
      "MaxPriceThreshold": 55000,
      "MinPriceThreshold": 45000,
      "SellPricePercent": -1,
      "MaxStockThreshold": 3,
      "MinStockThreshold": 1,
      "QuantityPercent": -1,
      "SpawnAttachments": [
        "ChevroletCorvette_Wheel",
        "ChevroletCorvette_Wheel",
        "ChevroletCorvette_Wheel",
        "ChevroletCorvette_Wheel",
        "ChevroletCorvette_Wheel",
        "ChevroletCorvette_Doors_Driver_white",
        "ChevroletCorvette_Doors_coDriver_white",
        "ChevroletCorvette_Doors_hood_white",
        "Chevrolet_Camaro_Doors_trunk_white",
        "headlighth7",
        "headlighth7",
        "carbattery",
        "carradiator",
        "sparkplug"
      ],
      "Variants": []
    },
    {
      "ClassName": "ChevroletCorvette_rust",
      "MaxPriceThreshold": 55000,
      "MinPriceThreshold": 45000,
      "SellPricePercent": -1,
      "MaxStockThreshold": 3,
      "MinStockThreshold": 1,
      "QuantityPercent": -1,
      "SpawnAttachments": [
        "ChevroletCorvette_Wheel",
        "ChevroletCorvette_Wheel",
        "ChevroletCorvette_Wheel",
        "ChevroletCorvette_Wheel",
        "ChevroletCorvette_Wheel",
        "ChevroletCorvette_Doors_Driver_rust",
        "ChevroletCorvette_Doors_coDriver_rust",
        "ChevroletCorvette_Doors_hood_rust",
        "Chevrolet_Camaro_Doors_trunk_rust",
        "headlighth7",
        "headlighth7",
        "carbattery",
        "carradiator",
        "sparkplug"
      ],
      "Variants": []
    },
    {
      "ClassName": "ChevroletCorvette_yellow",
      "MaxPriceThreshold": 55000,
      "MinPriceThreshold": 45000,
      "SellPricePercent": -1,
      "MaxStockThreshold": 3,
      "MinStockThreshold": 1,
      "QuantityPercent": -1,
      "SpawnAttachments": [
        "ChevroletCorvette_Wheel",
        "ChevroletCorvette_Wheel",
        "ChevroletCorvette_Wheel",
        "ChevroletCorvette_Wheel",
        "ChevroletCorvette_Wheel",
        "ChevroletCorvette_Doors_Driver_yellow",
        "ChevroletCorvette_Doors_coDriver_yellow",
        "ChevroletCorvette_Doors_hood_yellow",
        "Chevrolet_Camaro_Doors_trunk_yellow",
        "headlighth7",
        "headlighth7",
        "carbattery",
        "carradiator",
        "sparkplug"
      ],
      "Variants": []
    },
    {
      "ClassName": "ChevroletCorvette_kamo",
      "MaxPriceThreshold": 55000,
      "MinPriceThreshold": 45000,
      "SellPricePercent": -1,
      "MaxStockThreshold": 3,
      "MinStockThreshold": 1,
      "QuantityPercent": -1,
      "SpawnAttachments": [
        "ChevroletCorvette_Wheel",
        "ChevroletCorvette_Wheel",
        "ChevroletCorvette_Wheel",
        "ChevroletCorvette_Wheel",
        "ChevroletCorvette_Wheel",
        "ChevroletCorvette_Doors_Driver_kamo",
        "ChevroletCorvette_Doors_coDriver_kamo",
        "ChevroletCorvette_Doors_hood_kamo",
        "Chevrolet_Camaro_Doors_trunk_kamo",
        "headlighth7",
        "headlighth7",
        "carbattery",
        "carradiator",
        "sparkplug"
      ],
      "Variants": []
    },
    {
      "ClassName": "AZLK",
      "MaxPriceThreshold": 15000,
      "MinPriceThreshold": 10000,
      "SellPricePercent": -1,
      "MaxStockThreshold": 7,
      "MinStockThreshold": 1,
      "QuantityPercent": -1,
      "SpawnAttachments": [
        "AZLK_Wheel",
        "AZLK_Wheel",
        "AZLK_Wheel",
        "AZLK_Wheel",
        "AZLK_Wheel",
        "AZLK_Doors_trunk",
        "AZLK_Doors_cargo1",
        "AZLK_Doors_cargo2",
        "carbattery",
        "carradiator",
        "sparkplug",
        "AZLK_Doors_hood",
        "AZLK_Doors_Driver",
        "AZLK_Doors_coDriver",
        "headlighth7",
        "headlighth7"
      ],
      "Variants": []
    },
    {
      "ClassName": "AZLK_rust",
      "MaxPriceThreshold": 12500,
      "MinPriceThreshold": 8500,
      "SellPricePercent": -1,
      "MaxStockThreshold": 7,
      "MinStockThreshold": 1,
      "QuantityPercent": -1,
      "SpawnAttachments": [
        "AZLK_Wheel",
        "AZLK_Wheel",
        "AZLK_Wheel",
        "AZLK_Wheel",
        "AZLK_Wheel",
        "AZLK_Doors_trunk_rust",
        "AZLK_Doors_cargo1_rust",
        "AZLK_Doors_cargo2_rust",
        "carbattery",
        "carradiator",
        "sparkplug",
        "AZLK_Doors_hood_rust",
        "AZLK_Doors_Driver_rust",
        "AZLK_Doors_coDriver_rust",
        "headlighth7",
        "headlighth7"
      ],
      "Variants": []
    },
    {
      "ClassName": "AZLK_Blue",
      "MaxPriceThreshold": 15000,
      "MinPriceThreshold": 10000,
      "SellPricePercent": -1,
      "MaxStockThreshold": 7,
      "MinStockThreshold": 1,
      "QuantityPercent": -1,
      "SpawnAttachments": [
        "AZLK_Wheel",
        "AZLK_Wheel",
        "AZLK_Wheel",
        "AZLK_Wheel",
        "AZLK_Wheel",
        "AZLK_Doors_trunk_Blue",
        "AZLK_Doors_cargo1_Blue",
        "AZLK_Doors_cargo2_Blue",
        "carbattery",
        "carradiator",
        "sparkplug",
        "AZLK_Doors_hood_Blue",
        "AZLK_Doors_Driver_Blue",
        "AZLK_Doors_coDriver_Blue",
        "headlighth7",
        "headlighth7"
      ],
      "Variants": []
    },
    {
      "ClassName": "AZLK_Orange",
      "MaxPriceThreshold": 15000,
      "MinPriceThreshold": 10000,
      "SellPricePercent": -1,
      "MaxStockThreshold": 7,
      "MinStockThreshold": 1,
      "QuantityPercent": -1,
      "SpawnAttachments": [
        "AZLK_Wheel",
        "AZLK_Wheel",
        "AZLK_Wheel",
        "AZLK_Wheel",
        "AZLK_Wheel",
        "AZLK_Doors_trunk_Orange",
        "AZLK_Doors_cargo1_Orange",
        "AZLK_Doors_cargo2_Orange",
        "carbattery",
        "carradiator",
        "sparkplug",
        "AZLK_Doors_hood_Orange",
        "AZLK_Doors_Driver_Orange",
        "AZLK_Doors_coDriver_Orange",
        "headlighth7",
        "headlighth7"
      ],
      "Variants": []
    },
    {
      "ClassName": "AZLK_Red",
      "MaxPriceThreshold": 15000,
      "MinPriceThreshold": 10000,
      "SellPricePercent": -1,
      "MaxStockThreshold": 7,
      "MinStockThreshold": 1,
      "QuantityPercent": -1,
      "SpawnAttachments": [
        "AZLK_Wheel",
        "AZLK_Wheel",
        "AZLK_Wheel",
        "AZLK_Wheel",
        "AZLK_Wheel",
        "AZLK_Doors_trunk_Red",
        "AZLK_Doors_cargo1_Red",
        "AZLK_Doors_cargo2_Red",
        "carbattery",
        "carradiator",
        "sparkplug",
        "AZLK_Doors_hood_Red",
        "AZLK_Doors_Driver_Red",
        "AZLK_Doors_coDriver_Red",
        "headlighth7",
        "headlighth7"
      ],
      "Variants": []
    },
    {
      "ClassName": "AZLK_Yellow",
      "MaxPriceThreshold": 15000,
      "MinPriceThreshold": 10000,
      "SellPricePercent": -1,
      "MaxStockThreshold": 7,
      "MinStockThreshold": 1,
      "QuantityPercent": -1,
      "SpawnAttachments": [
        "AZLK_Wheel",
        "AZLK_Wheel",
        "AZLK_Wheel",
        "AZLK_Wheel",
        "AZLK_Wheel",
        "AZLK_Doors_trunk_Yellow",
        "AZLK_Doors_cargo1_Yellow",
        "AZLK_Doors_cargo2_Yellow",
        "carbattery",
        "carradiator",
        "sparkplug",
        "AZLK_Doors_hood_Yellow",
        "AZLK_Doors_Driver_Yellow",
        "AZLK_Doors_coDriver_Yellow",
        "headlighth7",
        "headlighth7"
      ],
      "Variants": []
    },
    {
      "ClassName": "Buggy",
      "MaxPriceThreshold": 10000,
      "MinPriceThreshold": 8000,
      "SellPricePercent": -1,
      "MaxStockThreshold": 5,
      "MinStockThreshold": 1,
      "QuantityPercent": -1,
      "SpawnAttachments": [
        "Buggy_Wheel",
        "Buggy_Wheel",
        "Buggy_Wheel",
        "Buggy_Wheel",
        "Buggy_Wheel",
        "Buggy_Doors_Driver",
        "Buggy_Doors_coDriver",
        "carbattery",
        "carradiator",
        "sparkplug",
        "headlighth7",
        "headlighth7"
      ],
      "Variants": []
    },
    {
      "ClassName": "Buggy_blue",
      "MaxPriceThreshold": 10000,
      "MinPriceThreshold": 8000,
      "SellPricePercent": -1,
      "MaxStockThreshold": 5,
      "MinStockThreshold": 1,
      "QuantityPercent": -1,
      "SpawnAttachments": [
        "Buggy_Wheel",
        "Buggy_Wheel",
        "Buggy_Wheel",
        "Buggy_Wheel",
        "Buggy_Wheel",
        "Buggy_Doors_Driver_blue",
        "Buggy_Doors_coDriver_blue",
        "carbattery",
        "carradiator",
        "sparkplug",
        "headlighth7",
        "headlighth7"
      ],
      "Variants": []
    },
    {
      "ClassName": "Buggy_red",
      "MaxPriceThreshold": 10000,
      "MinPriceThreshold": 8000,
      "SellPricePercent": -1,
      "MaxStockThreshold": 5,
      "MinStockThreshold": 1,
      "QuantityPercent": -1,
      "SpawnAttachments": [
        "Buggy_Wheel",
        "Buggy_Wheel",
        "Buggy_Wheel",
        "Buggy_Wheel",
        "Buggy_Wheel",
        "Buggy_Doors_Driver_red",
        "Buggy_Doors_coDriver_red",
        "carbattery",
        "carradiator",
        "sparkplug",
        "headlighth7",
        "headlighth7"
      ],
      "Variants": []
    },
    {
      "ClassName": "Buggy_yellow",
      "MaxPriceThreshold": 10000,
      "MinPriceThreshold": 8000,
      "SellPricePercent": -1,
      "MaxStockThreshold": 5,
      "MinStockThreshold": 1,
      "QuantityPercent": -1,
      "SpawnAttachments": [
        "Buggy_Wheel",
        "Buggy_Wheel",
        "Buggy_Wheel",
        "Buggy_Wheel",
        "Buggy_Wheel",
        "Buggy_Doors_Driver_yellow",
        "Buggy_Doors_coDriver_yellow",
        "carbattery",
        "carradiator",
        "sparkplug",
        "headlighth7",
        "headlighth7"
      ],
      "Variants": []
    },
    {
      "ClassName": "Interceptor",
      "MaxPriceThreshold": 25666,
      "MinPriceThreshold": 23666,
      "SellPricePercent": -1,
      "MaxStockThreshold": 3,
      "MinStockThreshold": 1,
      "QuantityPercent": -1,
      "SpawnAttachments": [
        "Interceptor_Wheel",
        "Interceptor_Wheel",
        "Interceptor_Wheel",
        "Interceptor_Wheel",
        "Interceptor_Wheel",
        "carbattery",
        "carradiator",
        "sparkplug",
        "Interceptor_Doors_Driver",
        "Interceptor_Doors_coDriver",
        "Interceptor_Doors_hood",
        "headlighth7",
        "headlighth7"
      ],
      "Variants": []
    },
    {
      "ClassName": "MBw140",
      "MaxPriceThreshold": 15000,
      "MinPriceThreshold": 10000,
      "SellPricePercent": -1,
      "MaxStockThreshold": 4,
      "MinStockThreshold": 1,
      "QuantityPercent": -1,
      "SpawnAttachments": [
        "MBw140_Wheel",
        "MBw140_Wheel",
        "MBw140_Wheel",
        "MBw140_Wheel",
        "MBw140_Doors_Driver",
        "MBw140_Doors_CoDriver",
        "MBw140_Doors_Cargo1",
        "MBw140_Doors_Cargo2",
        "MBw140_Doors_Hood",
        "MBw140_Doors_Trunk",
        "carbattery",
        "carradiator",
        "sparkplug",
        "headlighth7",
        "headlighth7"
      ],
      "Variants": []
    },
    {
      "ClassName": "MUSTANG",
      "MaxPriceThreshold": 38500,
      "MinPriceThreshold": 35000,
      "SellPricePercent": -1,
      "MaxStockThreshold": 3,
      "MinStockThreshold": 1,
      "QuantityPercent": -1,
      "SpawnAttachments": [
        "MUSTANG_Wheel",
        "MUSTANG_Wheel",
        "MUSTANG_Wheel",
        "MUSTANG_Wheel",
        "MUSTANG_Wheel",
        "MUSTANG_Doors_Driver",
        "MUSTANG_Doors_coDriver",
        "MUSTANG_Doors_hood",
        "MUSTANG_Doors_trunk",
        "headlighth7",
        "headlighth7",
        "carbattery",
        "carradiator",
        "sparkplug"
      ],
      "Variants": []
    },
    {
      "ClassName": "MUSTANG_red",
      "MaxPriceThreshold": 38500,
      "MinPriceThreshold": 35000,
      "SellPricePercent": -1,
      "MaxStockThreshold": 3,
      "MinStockThreshold": 1,
      "QuantityPercent": -1,
      "SpawnAttachments": [
        "MUSTANG_Wheel",
        "MUSTANG_Wheel",
        "MUSTANG_Wheel",
        "MUSTANG_Wheel",
        "MUSTANG_Wheel",
        "MUSTANG_Doors_Driver_red",
        "MUSTANG_Doors_coDriver_red",
        "MUSTANG_Doors_hood_red",
        "MUSTANG_Doors_trunk_red",
        "headlighth7",
        "headlighth7",
        "carbattery",
        "carradiator",
        "sparkplug"
      ],
      "Variants": []
    },
    {
      "ClassName": "MUSTANG_rust",
      "MaxPriceThreshold": 30000,
      "MinPriceThreshold": 25000,
      "SellPricePercent": -1,
      "MaxStockThreshold": 3,
      "MinStockThreshold": 1,
      "QuantityPercent": -1,
      "SpawnAttachments": [
        "MUSTANG_Wheel",
        "MUSTANG_Wheel",
        "MUSTANG_Wheel",
        "MUSTANG_Wheel",
        "MUSTANG_Wheel",
        "MUSTANG_Doors_Driver_rust",
        "MUSTANG_Doors_coDriver_rust",
        "MUSTANG_Doors_hood_rust",
        "MUSTANG_Doors_trunk_rust",
        "headlighth7",
        "headlighth7",
        "carbattery",
        "carradiator",
        "sparkplug"
      ],
      "Variants": []
    },
    {
      "ClassName": "Opel_Astra",
      "MaxPriceThreshold": 19995,
      "MinPriceThreshold": 18995,
      "SellPricePercent": -1,
      "MaxStockThreshold": 3,
      "MinStockThreshold": 1,
      "QuantityPercent": -1,
      "SpawnAttachments": [
        "Opel_Astra_Wheel",
        "Opel_Astra_Wheel",
        "Opel_Astra_Wheel",
        "Opel_Astra_Wheel",
        "Opel_Astra_Wheel",
        "Opel_Astra_Doors_Driver",
        "Opel_Astra_Doors_coDriver",
        "Opel_Astra_Doors_cargo2",
        "Opel_Astra_Doors_cargo1",
        "headlighth7",
        "headlighth7",
        "carbattery",
        "carradiator",
        "sparkplug",
        "Opel_Astra_Doors_hood",
        "Opel_Astra_Doors_trunk"
      ],
      "Variants": []
    },
    {
      "ClassName": "Opel_Astra_chrome",
      "MaxPriceThreshold": 19995,
      "MinPriceThreshold": 18995,
      "SellPricePercent": -1,
      "MaxStockThreshold": 3,
      "MinStockThreshold": 1,
      "QuantityPercent": -1,
      "SpawnAttachments": [
        "Opel_Astra_Wheel",
        "Opel_Astra_Wheel",
        "Opel_Astra_Wheel",
        "Opel_Astra_Wheel",
        "Opel_Astra_Wheel",
        "Opel_Astra_Doors_Driver_chrome",
        "Opel_Astra_Doors_coDriver_chrome",
        "Opel_Astra_Doors_cargo2_chrome",
        "Opel_Astra_Doors_cargo1_chrome",
        "headlighth7",
        "headlighth7",
        "carbattery",
        "carradiator",
        "sparkplug",
        "Opel_Astra_Doors_hood_chrome",
        "Opel_Astra_Doors_trunk_chrome"
      ],
      "Variants": []
    },
    {
      "ClassName": "Opel_Astra_camo",
      "MaxPriceThreshold": 19995,
      "MinPriceThreshold": 18995,
      "SellPricePercent": -1,
      "MaxStockThreshold": 3,
      "MinStockThreshold": 1,
      "QuantityPercent": -1,
      "SpawnAttachments": [
        "Opel_Astra_Wheel",
        "Opel_Astra_Wheel",
        "Opel_Astra_Wheel",
        "Opel_Astra_Wheel",
        "Opel_Astra_Wheel",
        "Opel_Astra_Doors_DriverOpel_Astra_camo",
        "Opel_Astra_Doors_coDriverOpel_Astra_camo",
        "Opel_Astra_Doors_cargo2Opel_Astra_camo",
        "Opel_Astra_Doors_cargo1Opel_Astra_camo",
        "headlighth7",
        "headlighth7",
        "carbattery",
        "carradiator",
        "sparkplug",
        "Opel_Astra_Doors_hoodOpel_Astra_camo",
        "Opel_Astra_Doors_trunkOpel_Astra_camo"
      ],
      "Variants": []
    },
    {
      "ClassName": "Opel_Astra_black",
      "MaxPriceThreshold": 19995,
      "MinPriceThreshold": 18995,
      "SellPricePercent": -1,
      "MaxStockThreshold": 3,
      "MinStockThreshold": 1,
      "QuantityPercent": -1,
      "SpawnAttachments": [
        "Opel_Astra_Wheel",
        "Opel_Astra_Wheel",
        "Opel_Astra_Wheel",
        "Opel_Astra_Wheel",
        "Opel_Astra_Wheel",
        "Opel_Astra_Doors_Driver_black",
        "Opel_Astra_Doors_coDriver_black",
        "Opel_Astra_Doors_cargo2_black",
        "Opel_Astra_Doors_cargo1_black",
        "headlighth7",
        "headlighth7",
        "carbattery",
        "carradiator",
        "sparkplug",
        "Opel_Astra_Doors_hood_black",
        "Opel_Astra_Doors_trunk_black"
      ],
      "Variants": []
    },
    {
      "ClassName": "PONTIAC",
      "MaxPriceThreshold": 28500,
      "MinPriceThreshold": 25000,
      "SellPricePercent": -1,
      "MaxStockThreshold": 3,
      "MinStockThreshold": 1,
      "QuantityPercent": -1,
      "SpawnAttachments": [
        "PONTIAC_Doors_Driver",
        "PONTIAC_Doors_coDriver",
        "PONTIAC_Doors_hood",
        "PONTIAC_Doors_trunk",
        "carbattery",
        "carradiator",
        "sparkplug",
        "headlighth7",
        "headlighth7",
        "PONTIAC_Wheel",
        "PONTIAC_Wheel",
        "PONTIAC_Wheel",
        "PONTIAC_Wheel",
        "PONTIAC_Wheel"
      ],
      "Variants": []
    },
    {
      "ClassName": "PONTIAC_rust",
      "MaxPriceThreshold": 25000,
      "MinPriceThreshold": 20000,
      "SellPricePercent": -1,
      "MaxStockThreshold": 3,
      "MinStockThreshold": 1,
      "QuantityPercent": -1,
      "SpawnAttachments": [
        "PONTIAC_Doors_Driver_rust",
        "PONTIAC_Doors_coDriver_rust",
        "PONTIAC_Doors_hood_rust",
        "PONTIAC_Doors_trunk_rust",
        "carbattery",
        "carradiator",
        "sparkplug",
        "headlighth7",
        "headlighth7",
        "PONTIAC_Wheel",
        "PONTIAC_Wheel",
        "PONTIAC_Wheel",
        "PONTIAC_Wheel",
        "PONTIAC_Wheel"
      ],
      "Variants": []
    },
    {
      "ClassName": "PONTIAC_blue",
      "MaxPriceThreshold": 25000,
      "MinPriceThreshold": 20000,
      "SellPricePercent": -1,
      "MaxStockThreshold": 3,
      "MinStockThreshold": 1,
      "QuantityPercent": -1,
      "SpawnAttachments": [
        "PONTIAC_Doors_Driver_blue",
        "PONTIAC_Doors_coDriver_blue",
        "PONTIAC_Doors_hood_blue",
        "PONTIAC_Doors_trunk_blue",
        "carbattery",
        "carradiator",
        "sparkplug",
        "headlighth7",
        "headlighth7",
        "PONTIAC_Wheel",
        "PONTIAC_Wheel",
        "PONTIAC_Wheel",
        "PONTIAC_Wheel",
        "PONTIAC_Wheel"
      ],
      "Variants": []
    },
    {
      "ClassName": "SUV",
      "MaxPriceThreshold": 20000,
      "MinPriceThreshold": 18500,
      "SellPricePercent": -1,
      "MaxStockThreshold": 3,
      "MinStockThreshold": 1,
      "QuantityPercent": -1,
      "SpawnAttachments": [
        "SUV_Wheel",
        "SUV_Wheel",
        "SUV_Wheel",
        "SUV_Wheel",
        "SUV_Wheel",
        "SUV_Doors_Driver",
        "SUV_Doors_coDriver",
        "SUV_Doors_cargo1",
        "SUV_Doors_cargo2",
        "headlighth7",
        "headlighth7",
        "carbattery",
        "carradiator",
        "sparkplug",
        "SUV_Doors_hood",
        "SUV_Doors_trunk"
      ],
      "Variants": []
    },
    {
      "ClassName": "SUV_red",
      "MaxPriceThreshold": 20000,
      "MinPriceThreshold": 18500,
      "SellPricePercent": -1,
      "MaxStockThreshold": 3,
      "MinStockThreshold": 1,
      "QuantityPercent": -1,
      "SpawnAttachments": [
        "SUV_Wheel",
        "SUV_Wheel",
        "SUV_Wheel",
        "SUV_Wheel",
        "SUV_Wheel",
        "SUV_Doors_Driver_red",
        "SUV_Doors_coDriver_red",
        "SUV_Doors_cargo1_red",
        "SUV_Doors_cargo2_red",
        "headlighth7",
        "headlighth7",
        "carbattery",
        "carradiator",
        "sparkplug",
        "SUV_Doors_hood_red",
        "SUV_Doors_trunk_red"
      ],
      "Variants": []
    },
    {
      "ClassName": "SUV_blue",
      "MaxPriceThreshold": 20000,
      "MinPriceThreshold": 18500,
      "SellPricePercent": -1,
      "MaxStockThreshold": 3,
      "MinStockThreshold": 1,
      "QuantityPercent": -1,
      "SpawnAttachments": [
        "SUV_Wheel",
        "SUV_Wheel",
        "SUV_Wheel",
        "SUV_Wheel",
        "SUV_Wheel",
        "SUV_Doors_Driver_blue",
        "SUV_Doors_coDriver_blue",
        "SUV_Doors_cargo1_blue",
        "SUV_Doors_cargo2_blue",
        "headlighth7",
        "headlighth7",
        "carbattery",
        "carradiator",
        "sparkplug",
        "SUV_Doors_hood_blue",
        "SUV_Doors_trunk_blue"
      ],
      "Variants": []
    },
    {
      "ClassName": "SUV_white",
      "MaxPriceThreshold": 20000,
      "MinPriceThreshold": 18500,
      "SellPricePercent": -1,
      "MaxStockThreshold": 3,
      "MinStockThreshold": 1,
      "QuantityPercent": -1,
      "SpawnAttachments": [
        "SUV_Wheel",
        "SUV_Wheel",
        "SUV_Wheel",
        "SUV_Wheel",
        "SUV_Wheel",
        "SUV_Doors_Driver_white",
        "SUV_Doors_coDriver_white",
        "SUV_Doors_cargo1_white",
        "SUV_Doors_cargo2_white",
        "headlighth7",
        "headlighth7",
        "carbattery",
        "carradiator",
        "sparkplug",
        "SUV_Doors_hood_white",
        "SUV_Doors_trunk_white"
      ],
      "Variants": []
    },
    {
      "ClassName": "SUV_kamo",
      "MaxPriceThreshold": 20000,
      "MinPriceThreshold": 18500,
      "SellPricePercent": -1,
      "MaxStockThreshold": 3,
      "MinStockThreshold": 1,
      "QuantityPercent": -1,
      "SpawnAttachments": [
        "SUV_Wheel",
        "SUV_Wheel",
        "SUV_Wheel",
        "SUV_Wheel",
        "SUV_Wheel",
        "SUV_Doors_Driver_kamo",
        "SUV_Doors_coDriver_kamo",
        "SUV_Doors_cargo1_kamo",
        "SUV_Doors_cargo2_kamo",
        "headlighth7",
        "headlighth7",
        "carbattery",
        "carradiator",
        "sparkplug",
        "SUV_Doors_hood_kamo",
        "SUV_Doors_trunk_kamo"
      ],
      "Variants": []
    },
    {
      "ClassName": "SUV_WINTER",
      "MaxPriceThreshold": 20000,
      "MinPriceThreshold": 18500,
      "SellPricePercent": -1,
      "MaxStockThreshold": 3,
      "MinStockThreshold": 1,
      "QuantityPercent": -1,
      "SpawnAttachments": [
        "SUV_Wheel",
        "SUV_Wheel",
        "SUV_Wheel",
        "SUV_Wheel",
        "SUV_Wheel",
        "SUV_Doors_Driver_WINTER",
        "SUV_Doors_coDriver_WINTER",
        "SUV_Doors_cargo1_WINTER",
        "SUV_Doors_cargo2_WINTER",
        "headlighth7",
        "headlighth7",
        "carbattery",
        "carradiator",
        "sparkplug",
        "SUV_Doors_hood_WINTER",
        "SUV_Doors_trunk_WINTER"
      ],
      "Variants": []
    },
    {
      "ClassName": "VAZ_2108",
      "MaxPriceThreshold": 14500,
      "MinPriceThreshold": 10000,
      "SellPricePercent": -1,
      "MaxStockThreshold": 5,
      "MinStockThreshold": 1,
      "QuantityPercent": -1,
      "SpawnAttachments": [
        "VAZ_2108_Wheel",
        "VAZ_2108_Wheel",
        "VAZ_2108_Wheel",
        "VAZ_2108_Wheel",
        "VAZ_2108_Wheel",
        "carbattery",
        "carradiator",
        "sparkplug",
        "VAZ_2108_Doors_Hood",
        "VAZ_2108_Doors_Trunk",
        "VAZ_2108_Doors_Driver",
        "VAZ_2108_Doors_CoDriver",
        "headlighth7",
        "headlighth7"
      ],
      "Variants": []
    },
    {
      "ClassName": "VAZ_2109",
      "MaxPriceThreshold": 15000,
      "MinPriceThreshold": 11000,
      "SellPricePercent": -1,
      "MaxStockThreshold": 4,
      "MinStockThreshold": 1,
      "QuantityPercent": -1,
      "SpawnAttachments": [
        "VAZ_2109_Wheel",
        "VAZ_2109_Wheel",
        "VAZ_2109_Wheel",
        "VAZ_2109_Wheel",
        "VAZ_2109_Wheel",
        "carbattery",
        "carradiator",
        "sparkplug",
        "VAZ_2109_Doors_Hood",
        "VAZ_2109_Doors_Trunk",
        "VAZ_2109_Doors_Driver",
        "VAZ_2109_Doors_CoDriver",
        "VAZ_2109_Doors_Cargo1",
        "VAZ_2109_Doors_Cargo2",
        "headlighth7",
        "headlighth7"
      ],
      "Variants": []
    }
  ]
}