{
  "m_Version": 12,
  "DisplayName": "#Military",
  "Icon": "Deliver",
  "Color": "FBFCFEFF",
  "IsExchange": 0,
  "InitStockPercent": 75,
  "Items": [
    {
      "ClassName": "BTR",
      "MaxPriceThreshold": 850000,
      "MinPriceThreshold": 500000,
      "SellPricePercent": -1,
      "MaxStockThreshold": 3,
      "MinStockThreshold": 1,
      "QuantityPercent": -1,
      "SpawnAttachments": [
        "BTR_Wheel",
        "BTR_Wheel",
        "BTR_Wheel",
        "BTR_Wheel",
        "BTR_Wheel",
        "BTR_Wheel",
        "BTR_Wheel",
        "BTR_Wheel",
        "BTR_Doors_Driver",
        "BTR_Doors_coDriver",
        "BTR_Doors_cargo1",
        "BTR_Doors_cargo2",
        "BTR_Doors_cargo3",
        "BTR_Doors_hood1",
        "BTR_Doors_hood2",
        "headlighth7",
        "headlighth7",
        "carbattery",
        "carradiator",
        "sparkplug"
      ],
      "Variants": []
    },
    {
      "ClassName": "BTR_black",
      "MaxPriceThreshold": 850000,
      "MinPriceThreshold": 500000,
      "SellPricePercent": -1,
      "MaxStockThreshold": 3,
      "MinStockThreshold": 1,
      "QuantityPercent": -1,
      "SpawnAttachments": [
        "BTR_Wheel",
        "BTR_Wheel",
        "BTR_Wheel",
        "BTR_Wheel",
        "BTR_Wheel",
        "BTR_Wheel",
        "BTR_Wheel",
        "BTR_Wheel",
        "BTR_Doors_Driver_black",
        "BTR_Doors_coDriver_black",
        "BTR_Doors_cargo1_black",
        "BTR_Doors_cargo2_black",
        "BTR_Doors_cargo3_black",
        "BTR_Doors_hood1_black",
        "BTR_Doors_hood2_black",
        "headlighth7",
        "headlighth7",
        "carbattery",
        "carradiator",
        "sparkplug"
      ],
      "Variants": []
    },
    {
      "ClassName": "BTR_white",
      "MaxPriceThreshold": 850000,
      "MinPriceThreshold": 500000,
      "SellPricePercent": -1,
      "MaxStockThreshold": 3,
      "MinStockThreshold": 1,
      "QuantityPercent": -1,
      "SpawnAttachments": [
        "BTR_Wheel",
        "BTR_Wheel",
        "BTR_Wheel",
        "BTR_Wheel",
        "BTR_Wheel",
        "BTR_Wheel",
        "BTR_Wheel",
        "BTR_Wheel",
        "BTR_Doors_Driver_white",
        "BTR_Doors_coDriver_white",
        "BTR_Doors_cargo1_white",
        "BTR_Doors_cargo2_white",
        "BTR_Doors_cargo3_white",
        "BTR_Doors_hood1_white",
        "BTR_Doors_hood2_white",
        "headlighth7",
        "headlighth7",
        "carbattery",
        "carradiator",
        "sparkplug"
      ],
      "Variants": []
    },
    {
      "ClassName": "BTR_green",
      "MaxPriceThreshold": 850000,
      "MinPriceThreshold": 500000,
      "SellPricePercent": -1,
      "MaxStockThreshold": 3,
      "MinStockThreshold": 1,
      "QuantityPercent": -1,
      "SpawnAttachments": [
        "BTR_Wheel",
        "BTR_Wheel",
        "BTR_Wheel",
        "BTR_Wheel",
        "BTR_Wheel",
        "BTR_Wheel",
        "BTR_Wheel",
        "BTR_Wheel",
        "BTR_Doors_Driver_green",
        "BTR_Doors_coDriver_green",
        "BTR_Doors_cargo1_green",
        "BTR_Doors_cargo2_green",
        "BTR_Doors_cargo3_green",
        "BTR_Doors_hood1_green",
        "BTR_Doors_hood2_green",
        "headlighth7",
        "headlighth7",
        "carbattery",
        "carradiator",
        "sparkplug"
      ],
      "Variants": []
    },
    {
      "ClassName": "BTR_KOSTROV",
      "MaxPriceThreshold": 850000,
      "MinPriceThreshold": 500000,
      "SellPricePercent": -1,
      "MaxStockThreshold": 3,
      "MinStockThreshold": 1,
      "QuantityPercent": -1,
      "SpawnAttachments": [
        "BTR_Wheel",
        "BTR_Wheel",
        "BTR_Wheel",
        "BTR_Wheel",
        "BTR_Wheel",
        "BTR_Wheel",
        "BTR_Wheel",
        "BTR_Wheel",
        "BTR_Doors_Driver_KOSTROV",
        "BTR_Doors_coDriver_KOSTROV",
        "BTR_Doors_cargo1_KOSTROV",
        "BTR_Doors_cargo2_KOSTROV",
        "BTR_Doors_cargo3_KOSTROV",
        "BTR_Doors_hood1_KOSTROV",
        "BTR_Doors_hood2_KOSTROV",
        "headlighth7",
        "headlighth7",
        "carbattery",
        "carradiator",
        "sparkplug"
      ],
      "Variants": []
    },
    {
      "ClassName": "DozorB",
      "MaxPriceThreshold": 725000,
      "MinPriceThreshold": 450000,
      "SellPricePercent": -1,
      "MaxStockThreshold": 3,
      "MinStockThreshold": 1,
      "QuantityPercent": -1,
      "SpawnAttachments": [
        "DozorB_Wheel",
        "DozorB_Wheel",
        "DozorB_Wheel",
        "DozorB_Wheel",
        "DozorB_Wheel",
        "DozorB_Doors_Driver",
        "DozorB_Doors_coDriver",
        "DozorB_Doors_trunk",
        "DozorB_Doors_hood",
        "headlighth7",
        "headlighth7",
        "carbattery",
        "carradiator",
        "sparkplug"
      ],
      "Variants": []
    },
    {
      "ClassName": "Kraz_Fiona",
      "MaxPriceThreshold": 975000,
      "MinPriceThreshold": 500000,
      "SellPricePercent": -1,
      "MaxStockThreshold": 3,
      "MinStockThreshold": 1,
      "QuantityPercent": -1,
      "SpawnAttachments": [
        "Kraz_Fiona_Wheel",
        "Kraz_Fiona_Wheel",
        "Kraz_Fiona_Wheel",
        "Kraz_Fiona_Wheel",
        "Kraz_Fiona_Wheel",
        "Kraz_Fiona_Wheel",
        "Kraz_Fiona_Wheel",
        "Kraz_Fiona_Wheel",
        "Kraz_Fiona_Doors_Driver",
        "Kraz_Fiona_Doors_coDriver",
        "Kraz_Fiona_Doors_cargo1",
        "Kraz_Fiona_Doors_cargo2",
        "Kraz_Fiona_Doors_hood",
        "Kraz_Fiona_Doors_trunk",
        "headlighth7",
        "headlighth7",
        "carbattery",
        "carradiator",
        "sparkplug"
      ],
      "Variants": []
    },
    {
      "ClassName": "Novator",
      "MaxPriceThreshold": 775000,
      "MinPriceThreshold": 475000,
      "SellPricePercent": -1,
      "MaxStockThreshold": 3,
      "MinStockThreshold": 1,
      "QuantityPercent": -1,
      "SpawnAttachments": [
        "Novator_Wheel",
        "Novator_Wheel",
        "Novator_Wheel",
        "Novator_Wheel",
        "Novator_Wheel",
        "Novator_Tent",
        "Novator_Doors_Driver",
        "Novator_Doors_coDriver",
        "Novator_Doors_cargo1",
        "Novator_Doors_cargo2",
        "Novator_Doors_cargo3",
        "Novator_Doors_cargo4",
        "Novator_Doors_hood",
        "Novator_Doors_trunk",
        "headlighth7",
        "headlighth7",
        "carbattery",
        "carradiator",
        "sparkplug"
      ],
      "Variants": []
    },
    {
      "ClassName": "Cougar",
      "MaxPriceThreshold": 550000,
      "MinPriceThreshold": 325000,
      "SellPricePercent": -1,
      "MaxStockThreshold": 3,
      "MinStockThreshold": 1,
      "QuantityPercent": -1,
      "SpawnAttachments": [
        "Cougar_Wheel",
        "Cougar_Wheel",
        "Cougar_Wheel",
        "Cougar_Wheel",
        "Cougar_Wheel",
        "Cougar_Doors_Driver",
        "Cougar_Doors_coDriver",
        "Cougar_Doors_cargo1",
        "Cougar_Doors_cargo2",
        "Cougar_Doors_cargo3",
        "Cougar_Doors_cargo4",
        "Oshkosh_Doors_trunk",
        "headlighth7",
        "headlighth7",
        "carbattery",
        "carradiator",
        "sparkplug"
      ],
      "Variants": []
    },
    {
      "ClassName": "Fennek",
      "MaxPriceThreshold": 575000,
      "MinPriceThreshold": 250000,
      "SellPricePercent": -1,
      "MaxStockThreshold": 3,
      "MinStockThreshold": 1,
      "QuantityPercent": -1,
      "SpawnAttachments": [
        "Fennek_Wheel",
        "Fennek_Wheel",
        "Fennek_Wheel",
        "Fennek_Wheel",
        "Fennek_Wheel",
        "Fennek_Doors_Driver",
        "Fennek_Doors_coDriver",
        "Fennek_Doors_hood",
        "Fennek_Doors_trunk",
        "headlighth7",
        "headlighth7",
        "carbattery",
        "carradiator",
        "sparkplug"
      ],
      "Variants": []
    },
    {
      "ClassName": "Fennek_black",
      "MaxPriceThreshold": 575000,
      "MinPriceThreshold": 250000,
      "SellPricePercent": -1,
      "MaxStockThreshold": 3,
      "MinStockThreshold": 1,
      "QuantityPercent": -1,
      "SpawnAttachments": [
        "Fennek_Wheel_black",
        "Fennek_Wheel_black",
        "Fennek_Wheel_black",
        "Fennek_Wheel_black",
        "Fennek_Wheel_black",
        "Fennek_Doors_Driver_black",
        "Fennek_Doors_coDriver_black",
        "Fennek_Doors_hood_black",
        "Fennek_Doors_trunk_black",
        "headlighth7",
        "headlighth7",
        "carbattery",
        "carradiator",
        "sparkplug"
      ],
      "Variants": []
    },
    {
      "ClassName": "Fennek_BIOHAZARD",
      "MaxPriceThreshold": 575000,
      "MinPriceThreshold": 250000,
      "SellPricePercent": -1,
      "MaxStockThreshold": 3,
      "MinStockThreshold": 1,
      "QuantityPercent": -1,
      "SpawnAttachments": [
        "Fennek_Wheel_BIOHAZARD",
        "Fennek_Wheel_BIOHAZARD",
        "Fennek_Wheel_BIOHAZARD",
        "Fennek_Wheel_BIOHAZARD",
        "Fennek_Wheel_BIOHAZARD",
        "Fennek_Doors_Driver_BIOHAZARD",
        "Fennek_Doors_coDriver_BIOHAZARD",
        "Fennek_Doors_hood_BIOHAZARD",
        "Fennek_Doors_trunk_BIOHAZARD",
        "headlighth7",
        "headlighth7",
        "carbattery",
        "carradiator",
        "sparkplug"
      ],
      "Variants": []
    },
    {
      "ClassName": "Fennek_CAMOgreen",
      "MaxPriceThreshold": 575000,
      "MinPriceThreshold": 250000,
      "SellPricePercent": -1,
      "MaxStockThreshold": 3,
      "MinStockThreshold": 1,
      "QuantityPercent": -1,
      "SpawnAttachments": [
        "Fennek_Wheel_CAMOgreen",
        "Fennek_Wheel_CAMOgreen",
        "Fennek_Wheel_CAMOgreen",
        "Fennek_Wheel_CAMOgreen",
        "Fennek_Wheel_CAMOgreen",
        "Fennek_Doors_Driver_CAMOgreen",
        "Fennek_Doors_coDriver_CAMOgreen",
        "Fennek_Doors_hood_CAMOgreen",
        "Fennek_Doors_trunk_CAMOgreen",
        "headlighth7",
        "headlighth7",
        "carbattery",
        "carradiator",
        "sparkplug"
      ],
      "Variants": []
    },
    {
      "ClassName": "Fennek_RUST",
      "MaxPriceThreshold": 499000,
      "MinPriceThreshold": 150000,
      "SellPricePercent": -1,
      "MaxStockThreshold": 3,
      "MinStockThreshold": 1,
      "QuantityPercent": -1,
      "SpawnAttachments": [
        "Fennek_Wheel_RUST",
        "Fennek_Wheel_RUST",
        "Fennek_Wheel_RUST",
        "Fennek_Wheel_RUST",
        "Fennek_Wheel_RUST",
        "Fennek_Doors_Driver_RUST",
        "Fennek_Doors_coDriver_RUST",
        "Fennek_Doors_hood_RUST",
        "Fennek_Doors_trunk_RUST",
        "headlighth7",
        "headlighth7",
        "carbattery",
        "carradiator",
        "sparkplug"
      ],
      "Variants": []
    },
    {
      "ClassName": "Fennek_WINTER",
      "MaxPriceThreshold": 575000,
      "MinPriceThreshold": 250000,
      "SellPricePercent": -1,
      "MaxStockThreshold": 3,
      "MinStockThreshold": 1,
      "QuantityPercent": -1,
      "SpawnAttachments": [
        "Fennek_Wheel_WINTER",
        "Fennek_Wheel_WINTER",
        "Fennek_Wheel_WINTER",
        "Fennek_Wheel_WINTER",
        "Fennek_Wheel_WINTER",
        "Fennek_Doors_Driver_WINTER",
        "Fennek_Doors_coDriver_WINTER",
        "Fennek_Doors_hood_WINTER",
        "Fennek_Doors_trunk_WINTER",
        "headlighth7",
        "headlighth7",
        "carbattery",
        "carradiator",
        "sparkplug"
      ],
      "Variants": []
    },
    {
      "ClassName": "HAMMER_H1",
      "MaxPriceThreshold": 416000,
      "MinPriceThreshold": 150000,
      "SellPricePercent": -1,
      "MaxStockThreshold": 3,
      "MinStockThreshold": 1,
      "QuantityPercent": -1,
      "SpawnAttachments": [
        "HAMMER_Wheel",
        "HAMMER_Wheel",
        "HAMMER_Wheel",
        "HAMMER_Wheel",
        "HAMMER_Wheel",
        "HAMMER_Doors_Driver",
        "HAMMER_Doors_coDriver",
        "HAMMER_Doors_cargo1",
        "HAMMER_Doors_cargo2",
        "HAMMER_Doors_hood",
        "HAMMER_Doors_trunk",
        "HAMMER_Doors_cargo3",
        "headlighth7",
        "headlighth7",
        "carbattery",
        "carradiator",
        "sparkplug"
      ],
      "Variants": []
    },
    {
      "ClassName": "HAMMER_H1_black",
      "MaxPriceThreshold": 416000,
      "MinPriceThreshold": 150000,
      "SellPricePercent": -1,
      "MaxStockThreshold": 3,
      "MinStockThreshold": 1,
      "QuantityPercent": -1,
      "SpawnAttachments": [
        "HAMMER_Wheel",
        "HAMMER_Wheel",
        "HAMMER_Wheel",
        "HAMMER_Wheel",
        "HAMMER_Wheel",
        "HAMMER_Doors_Driver_black",
        "HAMMER_Doors_coDriver_black",
        "HAMMER_Doors_cargo1_black",
        "HAMMER_Doors_cargo2_black",
        "HAMMER_Doors_hood_black",
        "HAMMER_Doors_trunk_black",
        "HAMMER_Doors_cargo3_black",
        "headlighth7",
        "headlighth7",
        "carbattery",
        "carradiator",
        "sparkplug"
      ],
      "Variants": []
    },
    {
      "ClassName": "HAMMER_H1_WINTER",
      "MaxPriceThreshold": 416000,
      "MinPriceThreshold": 150000,
      "SellPricePercent": -1,
      "MaxStockThreshold": 3,
      "MinStockThreshold": 1,
      "QuantityPercent": -1,
      "SpawnAttachments": [
        "HAMMER_Wheel",
        "HAMMER_Wheel",
        "HAMMER_Wheel",
        "HAMMER_Wheel",
        "HAMMER_Wheel",
        "HAMMER_Doors_Driver_WINTER",
        "HAMMER_Doors_coDriver_WINTER",
        "HAMMER_Doors_cargo1_WINTER",
        "HAMMER_Doors_cargo2_WINTER",
        "HAMMER_Doors_hood_WINTER",
        "HAMMER_Doors_trunk_WINTER",
        "HAMMER_Doors_cargo3_WINTER",
        "headlighth7",
        "headlighth7",
        "carbattery",
        "carradiator",
        "sparkplug"
      ],
      "Variants": []
    },
    {
      "ClassName": "Oshkosh",
      "MaxPriceThreshold": 399000,
      "MinPriceThreshold": 150000,
      "SellPricePercent": -1,
      "MaxStockThreshold": 3,
      "MinStockThreshold": 1,
      "QuantityPercent": -1,
      "SpawnAttachments": [
        "Oshkosh_Wheel",
        "Oshkosh_Wheel",
        "Oshkosh_Wheel",
        "Oshkosh_Wheel",
        "Oshkosh_Wheel",
        "Oshkosh_Doors_Driver",
        "Oshkosh_Doors_coDriver",
        "Oshkosh_Doors_hood",
        "Oshkosh_Doors_cargo1",
        "Oshkosh_Doors_cargo2",
        "Oshkosh_Doors_cargo3",
        "Oshkosh_Doors_trunk",
        "headlighth7",
        "headlighth7",
        "carbattery",
        "carradiator",
        "sparkplug"
      ],
      "Variants": []
    },
    {
      "ClassName": "Oshkosh_black",
      "MaxPriceThreshold": 399000,
      "MinPriceThreshold": 150000,
      "SellPricePercent": -1,
      "MaxStockThreshold": 3,
      "MinStockThreshold": 1,
      "QuantityPercent": -1,
      "SpawnAttachments": [
        "Oshkosh_Wheel",
        "Oshkosh_Wheel",
        "Oshkosh_Wheel",
        "Oshkosh_Wheel",
        "Oshkosh_Wheel",
        "Oshkosh_Doors_Driver_black",
        "Oshkosh_Doors_coDriver_black",
        "Oshkosh_Doors_hood_black",
        "Oshkosh_Doors_cargo1_black",
        "Oshkosh_Doors_cargo2_black",
        "Oshkosh_Doors_cargo3_black",
        "Oshkosh_Doors_trunk_black",
        "headlighth7",
        "headlighth7",
        "carbattery",
        "carradiator",
        "sparkplug"
      ],
      "Variants": []
    },
    {
      "ClassName": "Oshkosh_pixel",
      "MaxPriceThreshold": 399000,
      "MinPriceThreshold": 150000,
      "SellPricePercent": -1,
      "MaxStockThreshold": 3,
      "MinStockThreshold": 1,
      "QuantityPercent": -1,
      "SpawnAttachments": [
        "Oshkosh_Wheel",
        "Oshkosh_Wheel",
        "Oshkosh_Wheel",
        "Oshkosh_Wheel",
        "Oshkosh_Wheel",
        "Oshkosh_Doors_Driver_pixel",
        "Oshkosh_Doors_coDriver_pixel",
        "Oshkosh_Doors_hood_pixel",
        "Oshkosh_Doors_cargo1_pixel",
        "Oshkosh_Doors_cargo2_pixel",
        "Oshkosh_Doors_cargo3_pixel",
        "Oshkosh_Doors_trunk_pixel",
        "headlighth7",
        "headlighth7",
        "carbattery",
        "carradiator",
        "sparkplug"
      ],
      "Variants": []
    },
    {
      "ClassName": "HEMTT",
      "MaxPriceThreshold": 599000,
      "MinPriceThreshold": 200000,
      "SellPricePercent": -1,
      "MaxStockThreshold": 3,
      "MinStockThreshold": 1,
      "QuantityPercent": -1,
      "SpawnAttachments": [
        "HEMTT_Wheel",
        "HEMTT_Wheel",
        "HEMTT_Wheel",
        "HEMTT_Wheel",
        "HEMTT_Wheel",
        "HEMTT_Wheel",
        "HEMTT_Wheel",
        "HEMTT_Wheel",
        "HEMTT_Doors_Driver",
        "HEMTT_Doors_coDriver",
        "HEMTT_Doors_trunk",
        "HEMTT_Doors_hood1",
        "HEMTT_Doors_hood2",
        "HEMTT_Doors_hood3",
        "HEMTT_tent",
        "headlighth7",
        "headlighth7",
        "carbattery",
        "carradiator",
        "sparkplug"
      ],
      "Variants": []
    },
    {
      "ClassName": "HEMTT_rust",
      "MaxPriceThreshold": 500000,
      "MinPriceThreshold": 175000,
      "SellPricePercent": -1,
      "MaxStockThreshold": 3,
      "MinStockThreshold": 1,
      "QuantityPercent": -1,
      "SpawnAttachments": [
        "HEMTT_Wheel",
        "HEMTT_Wheel",
        "HEMTT_Wheel",
        "HEMTT_Wheel",
        "HEMTT_Wheel",
        "HEMTT_Wheel",
        "HEMTT_Wheel",
        "HEMTT_Wheel",
        "HEMTT_Doors_Driver_rust",
        "HEMTT_Doors_coDriver_rust",
        "HEMTT_Doors_trunk_rust",
        "HEMTT_Doors_hood1_rust",
        "HEMTT_Doors_hood2_rust",
        "HEMTT_Doors_hood3_rust",
        "HEMTT_tent_rust",
        "headlighth7",
        "headlighth7",
        "carbattery",
        "carradiator",
        "sparkplug"
      ],
      "Variants": []
    },
    {
      "ClassName": "HEMTT_white",
      "MaxPriceThreshold": 599000,
      "MinPriceThreshold": 200000,
      "SellPricePercent": -1,
      "MaxStockThreshold": 3,
      "MinStockThreshold": 1,
      "QuantityPercent": -1,
      "SpawnAttachments": [
        "HEMTT_Wheel",
        "HEMTT_Wheel",
        "HEMTT_Wheel",
        "HEMTT_Wheel",
        "HEMTT_Wheel",
        "HEMTT_Wheel",
        "HEMTT_Wheel",
        "HEMTT_Wheel",
        "HEMTT_Doors_Driver_white",
        "HEMTT_Doors_coDriver_white",
        "HEMTT_Doors_trunk_white",
        "HEMTT_Doors_hood1_white",
        "HEMTT_Doors_hood2_white",
        "HEMTT_Doors_hood3_white",
        "HEMTT_tent_white",
        "headlighth7",
        "headlighth7",
        "carbattery",
        "carradiator",
        "sparkplug"
      ],
      "Variants": []
    },
    {
      "ClassName": "HEMTT_green",
      "MaxPriceThreshold": 599000,
      "MinPriceThreshold": 200000,
      "SellPricePercent": -1,
      "MaxStockThreshold": 3,
      "MinStockThreshold": 1,
      "QuantityPercent": -1,
      "SpawnAttachments": [
        "HEMTT_Wheel",
        "HEMTT_Wheel",
        "HEMTT_Wheel",
        "HEMTT_Wheel",
        "HEMTT_Wheel",
        "HEMTT_Wheel",
        "HEMTT_Wheel",
        "HEMTT_Wheel",
        "HEMTT_Doors_Driver_green",
        "HEMTT_Doors_coDriver_green",
        "HEMTT_Doors_trunk_green",
        "HEMTT_Doors_hood1_green",
        "HEMTT_Doors_hood2_green",
        "HEMTT_Doors_hood3_green",
        "HEMTT_tent_green",
        "headlighth7",
        "headlighth7",
        "carbattery",
        "carradiator",
        "sparkplug"
      ],
      "Variants": []
    },
    {
      "ClassName": "HEMTT_black",
      "MaxPriceThreshold": 599000,
      "MinPriceThreshold": 200000,
      "SellPricePercent": -1,
      "MaxStockThreshold": 3,
      "MinStockThreshold": 1,
      "QuantityPercent": -1,
      "SpawnAttachments": [
        "HEMTT_Wheel",
        "HEMTT_Wheel",
        "HEMTT_Wheel",
        "HEMTT_Wheel",
        "HEMTT_Wheel",
        "HEMTT_Wheel",
        "HEMTT_Wheel",
        "HEMTT_Wheel",
        "HEMTT_Doors_Driver_black",
        "HEMTT_Doors_coDriver_black",
        "HEMTT_Doors_trunk_black",
        "HEMTT_Doors_hood1_black",
        "HEMTT_Doors_hood2_black",
        "HEMTT_Doors_hood3_black",
        "HEMTT_tent_black",
        "headlighth7",
        "headlighth7",
        "carbattery",
        "carradiator",
        "sparkplug"
      ],
      "Variants": []
    },
    {
      "ClassName": "Kamaz_Typhoon",
      "MaxPriceThreshold": 650000,
      "MinPriceThreshold": 325000,
      "SellPricePercent": -1,
      "MaxStockThreshold": 3,
      "MinStockThreshold": 1,
      "QuantityPercent": -1,
      "SpawnAttachments": [
        "Kamaz_Typhoon_Wheel",
        "Kamaz_Typhoon_Wheel",
        "Kamaz_Typhoon_Wheel",
        "Kamaz_Typhoon_Wheel",
        "Kamaz_Typhoon_Wheel",
        "Kamaz_Typhoon_Wheel",
        "Kamaz_Typhoon_Wheel",
        "Kamaz_Typhoon_Doors_Driver",
        "Kamaz_Typhoon_Doors_coDriver",
        "Kamaz_Typhoon_Doors_cargo1",
        "Kamaz_Typhoon_Doors_trunk",
        "Kamaz_Typhoon_tent",
        "headlighth7",
        "headlighth7",
        "carbattery",
        "carradiator",
        "sparkplug"
      ],
      "Variants": []
    },
    {
      "ClassName": "Kamaz_Typhoon_green",
      "MaxPriceThreshold": 650000,
      "MinPriceThreshold": 325000,
      "SellPricePercent": -1,
      "MaxStockThreshold": 3,
      "MinStockThreshold": 1,
      "QuantityPercent": -1,
      "SpawnAttachments": [
        "Kamaz_Typhoon_Wheel",
        "Kamaz_Typhoon_Wheel",
        "Kamaz_Typhoon_Wheel",
        "Kamaz_Typhoon_Wheel",
        "Kamaz_Typhoon_Wheel",
        "Kamaz_Typhoon_Wheel",
        "Kamaz_Typhoon_Wheel",
        "Kamaz_Typhoon_Doors_Driver_green",
        "Kamaz_Typhoon_Doors_coDriver_green",
        "Kamaz_Typhoon_Doors_cargo1_green",
        "Kamaz_Typhoon_Doors_trunk_green",
        "Kamaz_Typhoon_tent_green",
        "headlighth7",
        "headlighth7",
        "carbattery",
        "carradiator",
        "sparkplug"
      ],
      "Variants": []
    },
    {
      "ClassName": "Kamaz_Typhoon_rust",
      "MaxPriceThreshold": 450000,
      "MinPriceThreshold": 145000,
      "SellPricePercent": -1,
      "MaxStockThreshold": 3,
      "MinStockThreshold": 1,
      "QuantityPercent": -1,
      "SpawnAttachments": [
        "Kamaz_Typhoon_Wheel",
        "Kamaz_Typhoon_Wheel",
        "Kamaz_Typhoon_Wheel",
        "Kamaz_Typhoon_Wheel",
        "Kamaz_Typhoon_Wheel",
        "Kamaz_Typhoon_Wheel",
        "Kamaz_Typhoon_Wheel",
        "Kamaz_Typhoon_Doors_Driver_rust",
        "Kamaz_Typhoon_Doors_coDriver_rust",
        "Kamaz_Typhoon_Doors_cargo1_rust",
        "Kamaz_Typhoon_Doors_trunk_rust",
        "Kamaz_Typhoon_tent_rust",
        "headlighth7",
        "headlighth7",
        "carbattery",
        "carradiator",
        "sparkplug"
      ],
      "Variants": []
    },
    {
      "ClassName": "Kamaz_Typhoon_white",
      "MaxPriceThreshold": 650000,
      "MinPriceThreshold": 325000,
      "SellPricePercent": -1,
      "MaxStockThreshold": 3,
      "MinStockThreshold": 1,
      "QuantityPercent": -1,
      "SpawnAttachments": [
        "Kamaz_Typhoon_Wheel",
        "Kamaz_Typhoon_Wheel",
        "Kamaz_Typhoon_Wheel",
        "Kamaz_Typhoon_Wheel",
        "Kamaz_Typhoon_Wheel",
        "Kamaz_Typhoon_Wheel",
        "Kamaz_Typhoon_Wheel",
        "Kamaz_Typhoon_Doors_Driver_white",
        "Kamaz_Typhoon_Doors_coDriver_white",
        "Kamaz_Typhoon_Doors_cargo1_white",
        "Kamaz_Typhoon_Doors_trunk_white",
        "Kamaz_Typhoon_tent_white",
        "headlighth7",
        "headlighth7",
        "carbattery",
        "carradiator",
        "sparkplug"
      ],
      "Variants": []
    },
    {
      "ClassName": "Kamaz_Typhoon_black",
      "MaxPriceThreshold": 650000,
      "MinPriceThreshold": 325000,
      "SellPricePercent": -1,
      "MaxStockThreshold": 3,
      "MinStockThreshold": 1,
      "QuantityPercent": -1,
      "SpawnAttachments": [
        "Kamaz_Typhoon_Wheel",
        "Kamaz_Typhoon_Wheel",
        "Kamaz_Typhoon_Wheel",
        "Kamaz_Typhoon_Wheel",
        "Kamaz_Typhoon_Wheel",
        "Kamaz_Typhoon_Wheel",
        "Kamaz_Typhoon_Wheel",
        "Kamaz_Typhoon_Doors_Driver_black",
        "Kamaz_Typhoon_Doors_coDriver_black",
        "Kamaz_Typhoon_Doors_cargo1_black",
        "Kamaz_Typhoon_Doors_trunk_black",
        "Kamaz_Typhoon_tent_black",
        "headlighth7",
        "headlighth7",
        "carbattery",
        "carradiator",
        "sparkplug"
      ],
      "Variants": []
    },
    {
      "ClassName": "YAR_87",
      "MaxPriceThreshold": 325000,
      "MinPriceThreshold": 100000,
      "SellPricePercent": -1,
      "MaxStockThreshold": 4,
      "MinStockThreshold": 1,
      "QuantityPercent": -1,
      "SpawnAttachments": [
        "YAR_87_Wheel",
        "YAR_87_Wheel",
        "YAR_87_Wheel",
        "YAR_87_Wheel",
        "YAR_87_Wheel",
        "YAR_87_Wheel",
        "YAR_87_Wheel",
        "carbattery",
        "carradiator",
        "sparkplug",
        "YAR_87_Doors_hood",
        "YAR_87_Doors_trunk",
        "YAR_87_Doors_Driver",
        "YAR_87_Doors_coDriver",
        "headlighth7",
        "headlighth7"
      ],
      "Variants": []
    },
    {
      "ClassName": "YAR_87_white",
      "MaxPriceThreshold": 325000,
      "MinPriceThreshold": 100000,
      "SellPricePercent": -1,
      "MaxStockThreshold": 4,
      "MinStockThreshold": 1,
      "QuantityPercent": -1,
      "SpawnAttachments": [
        "YAR_87_Wheel",
        "YAR_87_Wheel",
        "YAR_87_Wheel",
        "YAR_87_Wheel",
        "YAR_87_Wheel",
        "YAR_87_Wheel",
        "YAR_87_Wheel",
        "carbattery",
        "carradiator",
        "sparkplug",
        "YAR_87_Doors_hood_white",
        "YAR_87_Doors_trunk_white",
        "YAR_87_Doors_Driver_white",
        "YAR_87_Doors_coDriver_white",
        "headlighth7",
        "headlighth7"
      ],
      "Variants": []
    },
    {
      "ClassName": "YAR_87_blue",
      "MaxPriceThreshold": 325000,
      "MinPriceThreshold": 100000,
      "SellPricePercent": -1,
      "MaxStockThreshold": 4,
      "MinStockThreshold": 1,
      "QuantityPercent": -1,
      "SpawnAttachments": [
        "YAR_87_Wheel",
        "YAR_87_Wheel",
        "YAR_87_Wheel",
        "YAR_87_Wheel",
        "YAR_87_Wheel",
        "YAR_87_Wheel",
        "YAR_87_Wheel",
        "carbattery",
        "carradiator",
        "sparkplug",
        "YAR_87_Doors_hood_blue",
        "YAR_87_Doors_trunk_blue",
        "YAR_87_Doors_Driver_blue",
        "YAR_87_Doors_coDriver_blue",
        "headlighth7",
        "headlighth7"
      ],
      "Variants": []
    },
    {
      "ClassName": "YAR_87_kamo",
      "MaxPriceThreshold": 325000,
      "MinPriceThreshold": 100000,
      "SellPricePercent": -1,
      "MaxStockThreshold": 4,
      "MinStockThreshold": 1,
      "QuantityPercent": -1,
      "SpawnAttachments": [
        "YAR_87_Wheel",
        "YAR_87_Wheel",
        "YAR_87_Wheel",
        "YAR_87_Wheel",
        "YAR_87_Wheel",
        "YAR_87_Wheel",
        "YAR_87_Wheel",
        "carbattery",
        "carradiator",
        "sparkplug",
        "YAR_87_Doors_hood_kamo",
        "YAR_87_Doors_trunk_kamo",
        "YAR_87_Doors_Driver_kamo",
        "YAR_87_Doors_coDriver_kamo",
        "headlighth7",
        "headlighth7"
      ],
      "Variants": []
    },
    {
      "ClassName": "YAR_87_black",
      "MaxPriceThreshold": 325000,
      "MinPriceThreshold": 100000,
      "SellPricePercent": -1,
      "MaxStockThreshold": 4,
      "MinStockThreshold": 1,
      "QuantityPercent": -1,
      "SpawnAttachments": [
        "YAR_87_Wheel",
        "YAR_87_Wheel",
        "YAR_87_Wheel",
        "YAR_87_Wheel",
        "YAR_87_Wheel",
        "YAR_87_Wheel",
        "YAR_87_Wheel",
        "carbattery",
        "carradiator",
        "sparkplug",
        "YAR_87_Doors_hood_black",
        "YAR_87_Doors_trunk_black",
        "YAR_87_Doors_Driver_black",
        "YAR_87_Doors_coDriver_black",
        "headlighth7",
        "headlighth7"
      ],
      "Variants": []
    },
    {
      "ClassName": "YAR_87_rust",
      "MaxPriceThreshold": 250000,
      "MinPriceThreshold": 95000,
      "SellPricePercent": -1,
      "MaxStockThreshold": 4,
      "MinStockThreshold": 1,
      "QuantityPercent": -1,
      "SpawnAttachments": [
        "YAR_87_Wheel",
        "YAR_87_Wheel",
        "YAR_87_Wheel",
        "YAR_87_Wheel",
        "YAR_87_Wheel",
        "YAR_87_Wheel",
        "YAR_87_Wheel",
        "carbattery",
        "carradiator",
        "sparkplug",
        "YAR_87_Doors_hood_rust",
        "YAR_87_Doors_trunk_rust",
        "YAR_87_Doors_Driver_rust",
        "YAR_87_Doors_coDriver_rust",
        "headlighth7",
        "headlighth7"
      ],
      "Variants": []
    },
    {
      "ClassName": "YAR_87_kamo2",
      "MaxPriceThreshold": 325000,
      "MinPriceThreshold": 100000,
      "SellPricePercent": -1,
      "MaxStockThreshold": 4,
      "MinStockThreshold": 1,
      "QuantityPercent": -1,
      "SpawnAttachments": [
        "YAR_87_Wheel",
        "YAR_87_Wheel",
        "YAR_87_Wheel",
        "YAR_87_Wheel",
        "YAR_87_Wheel",
        "YAR_87_Wheel",
        "YAR_87_Wheel",
        "carbattery",
        "carradiator",
        "sparkplug",
        "YAR_87_Doors_hood_kamo2",
        "YAR_87_Doors_trunk_kamo2",
        "YAR_87_Doors_Driver_kamo2",
        "YAR_87_Doors_coDriver_kamo2",
        "headlighth7",
        "headlighth7"
      ],
      "Variants": []
    },
    {
      "ClassName": "EGER",
      "MaxPriceThreshold": 255000,
      "MinPriceThreshold": 55000,
      "SellPricePercent": -1,
      "MaxStockThreshold": 3,
      "MinStockThreshold": 1,
      "QuantityPercent": -1,
      "SpawnAttachments": [
        "EGER_Wheel_2",
        "EGER_Wheel_2",
        "EGER_Wheel_2",
        "EGER_Wheel_2",
        "EGER_Wheel",
        "EGER_Wheel",
        "EGER_Wheel",
        "EGER_Wheel",
        "EGER_Doors_Driver",
        "EGER_Doors_coDriver",
        "EGER_Doors_cargo1",
        "EGER_Doors_cargo2",
        "EGER_Doors_hood",
        "EGER_Doors_trunk",
        "EGER_Tent",
        "headlighth7",
        "headlighth7",
        "carbattery",
        "carradiator",
        "sparkplug"
      ],
      "Variants": []
    },
    {
      "ClassName": "EGER_Pixel",
      "MaxPriceThreshold": 255000,
      "MinPriceThreshold": 55000,
      "SellPricePercent": -1,
      "MaxStockThreshold": 3,
      "MinStockThreshold": 1,
      "QuantityPercent": -1,
      "SpawnAttachments": [
        "EGER_Wheel_2",
        "EGER_Wheel_2",
        "EGER_Wheel_2",
        "EGER_Wheel_2",
        "EGER_Wheel",
        "EGER_Wheel",
        "EGER_Wheel",
        "EGER_Wheel",
        "EGER_Pixel_Doors_Driver",
        "EGER_Pixel_Doors_coDriver",
        "EGER_Pixel_Doors_cargo1",
        "EGER_Pixel_Doors_cargo2",
        "EGER_Pixel_Doors_hood",
        "EGER_Pixel_Doors_trunk",
        "EGER_Pixel_Tent",
        "headlighth7",
        "headlighth7",
        "carbattery",
        "carradiator",
        "sparkplug"
      ],
      "Variants": []
    } 
  ]
}