{
  "m_Version": 12,
  "DisplayName": "#Tracked",
  "Icon": "Deliver",
  "Color": "FBFCFEFF",
  "IsExchange": 0,
  "InitStockPercent": 75,
  "Items": [
    {
      "ClassName": "GAZ71",
      "MaxPriceThreshold": 850000,
      "MinPriceThreshold": 650000,
      "SellPricePercent": -1,
      "MaxStockThreshold": 3,
      "MinStockThreshold": 1,
      "QuantityPercent": -1,
      "SpawnAttachments": [
        "Gaz71_Wheel",
        "Gaz71_Wheel",
        "Gaz71_Wheel",
        "Gaz71_Wheel",
        "Gaz71_Wheel",
        "Gaz71_Wheel",
        "Gaz71_Wheel",
        "Gaz71_Wheel",
        "Gaz71_Wheel",
        "Gaz71_Wheel",
        "Gaz71_Wheel",
        "Gaz71_Wheel",
        "Gaz71_tent",
        "Gaz71_Doors_Driver",
        "Gaz71_Doors_coDriver",
        "Gaz71_Doors_hood",
        "Gaz71_Doors_trunk",
        "headlighth7",
        "headlighth7",
        "headlighth7",
        "headlighth7",
        "carbattery",
        "carradiator",
        "sparkplug"
      ],
      "Variants": []
    },
    {
      "ClassName": "GAZ71_RUST",
      "MaxPriceThreshold": 850000,
      "MinPriceThreshold": 650000,
      "SellPricePercent": -1,
      "MaxStockThreshold": 3,
      "MinStockThreshold": 1,
      "QuantityPercent": -1,
      "SpawnAttachments": [
        "Gaz71_Wheel",
        "Gaz71_Wheel",
        "Gaz71_Wheel",
        "Gaz71_Wheel",
        "Gaz71_Wheel",
        "Gaz71_Wheel",
        "Gaz71_Wheel",
        "Gaz71_Wheel",
        "Gaz71_Wheel",
        "Gaz71_Wheel",
        "Gaz71_Wheel",
        "Gaz71_Wheel",
        "Gaz71_tent_RUST",
        "Gaz71_Doors_Driver_RUST",
        "Gaz71_Doors_coDriver_RUST",
        "Gaz71_Doors_hood_RUST",
        "Gaz71_Doors_trunk_RUST",
        "headlighth7",
        "headlighth7",
        "headlighth7",
        "headlighth7",
        "carbattery",
        "carradiator",
        "sparkplug"
      ],
      "Variants": []
    },
    {
      "ClassName": "GAZ71_WINTER",
      "MaxPriceThreshold": 850000,
      "MinPriceThreshold": 650000,
      "SellPricePercent": -1,
      "MaxStockThreshold": 3,
      "MinStockThreshold": 1,
      "QuantityPercent": -1,
      "SpawnAttachments": [
        "Gaz71_Wheel",
        "Gaz71_Wheel",
        "Gaz71_Wheel",
        "Gaz71_Wheel",
        "Gaz71_Wheel",
        "Gaz71_Wheel",
        "Gaz71_Wheel",
        "Gaz71_Wheel",
        "Gaz71_Wheel",
        "Gaz71_Wheel",
        "Gaz71_Wheel",
        "Gaz71_Wheel",
        "Gaz71_tent_WINTER",
        "Gaz71_Doors_Driver_WINTER",
        "Gaz71_Doors_coDriver_WINTER",
        "Gaz71_Doors_hood_WINTER",
        "Gaz71_Doors_trunk_WINTER",
        "headlighth7",
        "headlighth7",
        "headlighth7",
        "headlighth7",
        "carbattery",
        "carradiator",
        "sparkplug"
      ],
      "Variants": []
    },
    {
      "ClassName": "GAZ71_Black",
      "MaxPriceThreshold": 850000,
      "MinPriceThreshold": 650000,
      "SellPricePercent": -1,
      "MaxStockThreshold": 3,
      "MinStockThreshold": 1,
      "QuantityPercent": -1,
      "SpawnAttachments": [
        "Gaz71_Wheel",
        "Gaz71_Wheel",
        "Gaz71_Wheel",
        "Gaz71_Wheel",
        "Gaz71_Wheel",
        "Gaz71_Wheel",
        "Gaz71_Wheel",
        "Gaz71_Wheel",
        "Gaz71_Wheel",
        "Gaz71_Wheel",
        "Gaz71_Wheel",
        "Gaz71_Wheel",
        "Gaz71_tent_Black",
        "Gaz71_Doors_Driver_Black",
        "Gaz71_Doors_coDriver_Black",
        "Gaz71_Doors_hood_Black",
        "Gaz71_Doors_trunk_Black",
        "headlighth7",
        "headlighth7",
        "headlighth7",
        "headlighth7",
        "carbattery",
        "carradiator",
        "sparkplug"
      ],
      "Variants": []
    }
  ]
}