{
  "m_Version": 12,
  "DisplayName": "#Trucks",
  "Icon": "Deliver",
  "Color": "FBFCFEFF",
  "IsExchange": 0,
  "InitStockPercent": 75,
  "Items": [
    {
      "ClassName": "Gaz66bort",
      "MaxPriceThreshold": 216000,
      "MinPriceThreshold": 125000,
      "SellPricePercent": -1,
      "MaxStockThreshold": 3,
      "MinStockThreshold": 1,
      "QuantityPercent": -1,
      "SpawnAttachments": [
        "GAZ66_Wheel",
        "GAZ66_Wheel",
        "GAZ66_Wheel",
        "GAZ66_Wheel",
        "GAZ66_Wheel",
        "GAZ66_Doors_Driver",
        "GAZ66_Doors_coDriver",
        "GAZ66_Doors_trunk",
        "GAZ66tent",
        "headlighth7",
        "headlighth7",
        "carbattery",
        "carradiator",
        "sparkplug"
      ],
      "Variants": []
    },
    {
      "ClassName": "Gaz66bort_black",
      "MaxPriceThreshold": 216000,
      "MinPriceThreshold": 125000,
      "SellPricePercent": -1,
      "MaxStockThreshold": 3,
      "MinStockThreshold": 1,
      "QuantityPercent": -1,
      "SpawnAttachments": [
        "GAZ66_Wheel",
        "GAZ66_Wheel",
        "GAZ66_Wheel",
        "GAZ66_Wheel",
        "GAZ66_Wheel",
        "GAZ66_Doors_Driver_black",
        "GAZ66_Doors_coDriver_black",
        "GAZ66_Doors_trunk_black",
        "GAZ66tent_black",
        "headlighth7",
        "headlighth7",
        "carbattery",
        "carradiator",
        "sparkplug"
      ],
      "Variants": []
    },
    {
      "ClassName": "Gaz66",
      "MaxPriceThreshold": 255000,
      "MinPriceThreshold": 125000,
      "SellPricePercent": -1,
      "MaxStockThreshold": 3,
      "MinStockThreshold": 1,
      "QuantityPercent": -1,
      "SpawnAttachments": [
        "GAZ66_Wheel",
        "GAZ66_Wheel",
        "GAZ66_Wheel",
        "GAZ66_Wheel",
        "GAZ66_Wheel",
        "GAZ66_Doors_Driver",
        "GAZ66_Doors_coDriver",
        "GAZ66_Doors_cargo1",
        "GAZ66_Doors_cargo2",
        "GAZ66_Doors_cargo3",
        "headlighth7",
        "headlighth7",
        "carbattery",
        "carradiator",
        "sparkplug"
      ],
      "Variants": []
    },
    {
      "ClassName": "Gaz66_black",
      "MaxPriceThreshold": 255000,
      "MinPriceThreshold": 125000,
      "SellPricePercent": -1,
      "MaxStockThreshold": 3,
      "MinStockThreshold": 1,
      "QuantityPercent": -1,
      "SpawnAttachments": [
        "GAZ66_Wheel",
        "GAZ66_Wheel",
        "GAZ66_Wheel",
        "GAZ66_Wheel",
        "GAZ66_Wheel",
        "GAZ66_Doors_Driver_black",
        "GAZ66_Doors_coDriver_black",
        "GAZ66_Doors_cargo1_black",
        "GAZ66_Doors_cargo2_black",
        "GAZ66_Doors_cargo3_black",
        "headlighth7",
        "headlighth7",
        "carbattery",
        "carradiator",
        "sparkplug"
      ],
      "Variants": []
    },
    {
      "ClassName": "GazTigr",
      "MaxPriceThreshold": 275000,
      "MinPriceThreshold": 125000,
      "SellPricePercent": -1,
      "MaxStockThreshold": 3,
      "MinStockThreshold": 1,
      "QuantityPercent": -1,
      "SpawnAttachments": [
        "GazTigr_Wheel",
        "GazTigr_Wheel",
        "GazTigr_Wheel",
        "GazTigr_Wheel",
        "GazTigr_Wheel",
        "GazTigr_Doors_Driver",
        "GazTigr_Doors_coDriver",
        "GazTigr_Doors_hood",
        "GazTigr_Doors_cargo1",
        "GazTigr_Doors_cargo2",
        "headlighth7",
        "headlighth7",
        "carbattery",
        "carradiator",
        "sparkplug"
      ],
      "Variants": []
    },
    {
      "ClassName": "GazTigr_flecktarn",
      "MaxPriceThreshold": 275000,
      "MinPriceThreshold": 125000,
      "SellPricePercent": -1,
      "MaxStockThreshold": 3,
      "MinStockThreshold": 1,
      "QuantityPercent": -1,
      "SpawnAttachments": [
        "GazTigr_Wheel",
        "GazTigr_Wheel",
        "GazTigr_Wheel",
        "GazTigr_Wheel",
        "GazTigr_Wheel",
        "GazTigr_Doors_Driver_flecktarn",
        "GazTigr_Doors_coDriver_flecktarn",
        "GazTigr_Doors_hood_flecktarn",
        "GazTigr_Doors_cargo1_flecktarn",
        "GazTigr_Doors_cargo2_flecktarn",
        "headlighth7",
        "headlighth7",
        "carbattery",
        "carradiator",
        "sparkplug"
      ],
      "Variants": []
    },
    {
      "ClassName": "GazTigr_grey",
      "MaxPriceThreshold": 275000,
      "MinPriceThreshold": 125000,
      "SellPricePercent": -1,
      "MaxStockThreshold": 3,
      "MinStockThreshold": 1,
      "QuantityPercent": -1,
      "SpawnAttachments": [
        "GazTigr_Wheel",
        "GazTigr_Wheel",
        "GazTigr_Wheel",
        "GazTigr_Wheel",
        "GazTigr_Wheel",
        "GazTigr_Doors_Driver_grey",
        "GazTigr_Doors_coDriver_grey",
        "GazTigr_Doors_hood_grey",
        "GazTigr_Doors_cargo1_grey",
        "GazTigr_Doors_cargo2_grey",
        "headlighth7",
        "headlighth7",
        "carbattery",
        "carradiator",
        "sparkplug"
      ],
      "Variants": []
    },
    {
      "ClassName": "GazTigr_green",
      "MaxPriceThreshold": 275000,
      "MinPriceThreshold": 125000,
      "SellPricePercent": -1,
      "MaxStockThreshold": 3,
      "MinStockThreshold": 1,
      "QuantityPercent": -1,
      "SpawnAttachments": [
        "GazTigr_Wheel",
        "GazTigr_Wheel",
        "GazTigr_Wheel",
        "GazTigr_Wheel",
        "GazTigr_Wheel",
        "GazTigr_Doors_Driver_green",
        "GazTigr_Doors_coDriver_green",
        "GazTigr_Doors_hood_green",
        "GazTigr_Doors_cargo1_green",
        "GazTigr_Doors_cargo2_green",
        "headlighth7",
        "headlighth7",
        "carbattery",
        "carradiator",
        "sparkplug"
      ],
      "Variants": []
    },
    {
      "ClassName": "GazTigr_black",
      "MaxPriceThreshold": 275000,
      "MinPriceThreshold": 125000,
      "SellPricePercent": -1,
      "MaxStockThreshold": 3,
      "MinStockThreshold": 1,
      "QuantityPercent": -1,
      "SpawnAttachments": [
        "GazTigr_Wheel",
        "GazTigr_Wheel",
        "GazTigr_Wheel",
        "GazTigr_Wheel",
        "GazTigr_Wheel",
        "GazTigr_Doors_Driver_black",
        "GazTigr_Doors_coDriver_black",
        "GazTigr_Doors_hood_black",
        "GazTigr_Doors_cargo1_black",
        "GazTigr_Doors_cargo2_black",
        "headlighth7",
        "headlighth7",
        "carbattery",
        "carradiator",
        "sparkplug"
      ],
      "Variants": []
    },
    {
      "ClassName": "GazTigr_pixel",
      "MaxPriceThreshold": 275000,
      "MinPriceThreshold": 125000,
      "SellPricePercent": -1,
      "MaxStockThreshold": 3,
      "MinStockThreshold": 1,
      "QuantityPercent": -1,
      "SpawnAttachments": [
        "GazTigr_Wheel",
        "GazTigr_Wheel",
        "GazTigr_Wheel",
        "GazTigr_Wheel",
        "GazTigr_Wheel",
        "GazTigr_Doors_Driver_pixel",
        "GazTigr_Doors_coDriver_pixel",
        "GazTigr_Doors_hood_pixel",
        "GazTigr_Doors_cargo1_pixel",
        "GazTigr_Doors_cargo2_pixel",
        "headlighth7",
        "headlighth7",
        "carbattery",
        "carradiator",
        "sparkplug"
      ],
      "Variants": []
    },
    {
      "ClassName": "Kamaz_4350",
      "MaxPriceThreshold": 550000,
      "MinPriceThreshold": 125000,
      "SellPricePercent": -1,
      "MaxStockThreshold": 3,
      "MinStockThreshold": 1,
      "QuantityPercent": -1,
      "SpawnAttachments": [
        "Kamaz_4350_Wheel",
        "Kamaz_4350_Wheel",
        "Kamaz_4350_Wheel",
        "Kamaz_4350_Wheel",
        "Kamaz_4350_Wheel",
        "Kamaz_4350_Doors_Driver",
        "Kamaz_4350_Doors_coDriver",
        "Kamaz_4350_Doors_trunk",
        "Kamaz_4350_tent",
        "headlighth7",
        "headlighth7",
        "carbattery",
        "carradiator",
        "sparkplug"
      ],
      "Variants": []
    },
    {
      "ClassName": "Kamaz_4350_Flora",
      "MaxPriceThreshold": 555000,
      "MinPriceThreshold": 125000,
      "SellPricePercent": -1,
      "MaxStockThreshold": 3,
      "MinStockThreshold": 1,
      "QuantityPercent": -1,
      "SpawnAttachments": [
        "Kamaz_4350_Wheel",
        "Kamaz_4350_Wheel",
        "Kamaz_4350_Wheel",
        "Kamaz_4350_Wheel",
        "Kamaz_4350_Wheel",
        "Kamaz_4350_Doors_Driver_Flora",
        "Kamaz_4350_Doors_coDriver_Flora",
        "Kamaz_4350_Doors_trunk_Flora",
        "Kamaz_4350_tent_Flora",
        "headlighth7",
        "headlighth7",
        "carbattery",
        "carradiator",
        "sparkplug"
      ],
      "Variants": []
    },
    {
      "ClassName": "Kamaz_4350_Pixel",
      "MaxPriceThreshold": 555000,
      "MinPriceThreshold": 125000,
      "SellPricePercent": -1,
      "MaxStockThreshold": 3,
      "MinStockThreshold": 1,
      "QuantityPercent": -1,
      "SpawnAttachments": [
        "Kamaz_4350_Wheel",
        "Kamaz_4350_Wheel",
        "Kamaz_4350_Wheel",
        "Kamaz_4350_Wheel",
        "Kamaz_4350_Wheel",
        "Kamaz_4350_Doors_Driver_Pixel",
        "Kamaz_4350_Doors_coDriver_Pixel",
        "Kamaz_4350_Doors_trunk_Pixel",
        "Kamaz_4350_tent_Pixel",
        "headlighth7",
        "headlighth7",
        "carbattery",
        "carradiator",
        "sparkplug"
      ],
      "Variants": []
    },
    {
      "ClassName": "Kamaz_4350_black",
      "MaxPriceThreshold": 555000,
      "MinPriceThreshold": 125000,
      "SellPricePercent": -1,
      "MaxStockThreshold": 3,
      "MinStockThreshold": 1,
      "QuantityPercent": -1,
      "SpawnAttachments": [
        "Kamaz_4350_Wheel",
        "Kamaz_4350_Wheel",
        "Kamaz_4350_Wheel",
        "Kamaz_4350_Wheel",
        "Kamaz_4350_Wheel",
        "Kamaz_4350_Doors_Driver_black",
        "Kamaz_4350_Doors_coDriver_black",
        "Kamaz_4350_Doors_trunk_black",
        "Kamaz_4350_tent_black",
        "headlighth7",
        "headlighth7",
        "carbattery",
        "carradiator",
        "sparkplug"
      ],
      "Variants": []
    },
    {
      "ClassName": "Kamaz_4350_old",
      "MaxPriceThreshold": 555000,
      "MinPriceThreshold": 125000,
      "SellPricePercent": -1,
      "MaxStockThreshold": 3,
      "MinStockThreshold": 1,
      "QuantityPercent": -1,
      "SpawnAttachments": [
        "Kamaz_4350_Wheel",
        "Kamaz_4350_Wheel",
        "Kamaz_4350_Wheel",
        "Kamaz_4350_Wheel",
        "Kamaz_4350_Wheel",
        "Kamaz_4350_Doors_Driver_old",
        "Kamaz_4350_Doors_coDriver_old",
        "Kamaz_4350_Doors_trunk_old",
        "Kamaz_4350_tent_old",
        "headlighth7",
        "headlighth7",
        "carbattery",
        "carradiator",
        "sparkplug"
      ],
      "Variants": []
    },
    {
      "ClassName": "Kamaz_4350_winter",
      "MaxPriceThreshold": 555000,
      "MinPriceThreshold": 125000,
      "SellPricePercent": -1,
      "MaxStockThreshold": 3,
      "MinStockThreshold": 1,
      "QuantityPercent": -1,
      "SpawnAttachments": [
        "Kamaz_4350_Wheel",
        "Kamaz_4350_Wheel",
        "Kamaz_4350_Wheel",
        "Kamaz_4350_Wheel",
        "Kamaz_4350_Wheel",
        "Kamaz_4350_Doors_Driver_winter",
        "Kamaz_4350_Doors_coDriver_winter",
        "Kamaz_4350_Doors_trunk_winter",
        "Kamaz_4350_tent_winter",
        "headlighth7",
        "headlighth7",
        "carbattery",
        "carradiator",
        "sparkplug"
      ],
      "Variants": []
    },
    {
      "ClassName": "Kamaz_4350_Kung",
      "MaxPriceThreshold": 555000,
      "MinPriceThreshold": 125000,
      "SellPricePercent": -1,
      "MaxStockThreshold": 3,
      "MinStockThreshold": 1,
      "QuantityPercent": -1,
      "SpawnAttachments": [
        "Kamaz_4350_Wheel",
        "Kamaz_4350_Wheel",
        "Kamaz_4350_Wheel",
        "Kamaz_4350_Wheel",
        "Kamaz_4350_Wheel",
        "Kamaz_4350_Doors_Driver",
        "Kamaz_4350_Doors_coDriver",
        "Kamaz_4350_Doors_cargo1",
        "Kamaz_4350_Doors_cargo2",
        "Kamaz_4350_Doors_cargo3",
        "headlighth7",
        "headlighth7",
        "carbattery",
        "carradiator",
        "sparkplug"
      ],
      "Variants": []
    },
    {
      "ClassName": "Kamaz_4350_Kung_Flora",
      "MaxPriceThreshold": 555000,
      "MinPriceThreshold": 125000,
      "SellPricePercent": -1,
      "MaxStockThreshold": 3,
      "MinStockThreshold": 1,
      "QuantityPercent": -1,
      "SpawnAttachments": [
        "Kamaz_4350_Wheel",
        "Kamaz_4350_Wheel",
        "Kamaz_4350_Wheel",
        "Kamaz_4350_Wheel",
        "Kamaz_4350_Wheel",
        "Kamaz_4350_Doors_Driver",
        "Kamaz_4350_Doors_coDriver",
        "Kamaz_4350_Doors_cargo1",
        "Kamaz_4350_Doors_cargo2",
        "Kamaz_4350_Doors_cargo3",
        "headlighth7",
        "headlighth7",
        "carbattery",
        "carradiator",
        "sparkplug"
      ],
      "Variants": []
    },
    {
      "ClassName": "Kamaz_4350_Kung_Pixel",
      "MaxPriceThreshold": 555000,
      "MinPriceThreshold": 125000,
      "SellPricePercent": -1,
      "MaxStockThreshold": 3,
      "MinStockThreshold": 1,
      "QuantityPercent": -1,
      "SpawnAttachments": [
        "Kamaz_4350_Wheel",
        "Kamaz_4350_Wheel",
        "Kamaz_4350_Wheel",
        "Kamaz_4350_Wheel",
        "Kamaz_4350_Wheel",
        "Kamaz_4350_Doors_Driver",
        "Kamaz_4350_Doors_coDriver",
        "Kamaz_4350_Doors_cargo1",
        "Kamaz_4350_Doors_cargo2",
        "Kamaz_4350_Doors_cargo3",
        "headlighth7",
        "headlighth7",
        "carbattery",
        "carradiator",
        "sparkplug"
      ],
      "Variants": []
    },
    {
      "ClassName": "Kamaz_4350_Kung_old",
      "MaxPriceThreshold": 555000,
      "MinPriceThreshold": 125000,
      "SellPricePercent": -1,
      "MaxStockThreshold": 3,
      "MinStockThreshold": 1,
      "QuantityPercent": -1,
      "SpawnAttachments": [
        "Kamaz_4350_Wheel",
        "Kamaz_4350_Wheel",
        "Kamaz_4350_Wheel",
        "Kamaz_4350_Wheel",
        "Kamaz_4350_Wheel",
        "Kamaz_4350_Doors_Driver",
        "Kamaz_4350_Doors_coDriver",
        "Kamaz_4350_Doors_cargo1",
        "Kamaz_4350_Doors_cargo2",
        "Kamaz_4350_Doors_cargo3",
        "headlighth7",
        "headlighth7",
        "carbattery",
        "carradiator",
        "sparkplug"
      ],
      "Variants": []
    },
    {
      "ClassName": "Kamaz_4350_Kung_black",
      "MaxPriceThreshold": 555000,
      "MinPriceThreshold": 125000,
      "SellPricePercent": -1,
      "MaxStockThreshold": 3,
      "MinStockThreshold": 1,
      "QuantityPercent": -1,
      "SpawnAttachments": [
        "Kamaz_4350_Wheel",
        "Kamaz_4350_Wheel",
        "Kamaz_4350_Wheel",
        "Kamaz_4350_Wheel",
        "Kamaz_4350_Wheel",
        "Kamaz_4350_Doors_Driver",
        "Kamaz_4350_Doors_coDriver",
        "Kamaz_4350_Doors_cargo1",
        "Kamaz_4350_Doors_cargo2",
        "Kamaz_4350_Doors_cargo3",
        "headlighth7",
        "headlighth7",
        "carbattery",
        "carradiator",
        "sparkplug"
      ],
      "Variants": []
    },
    {
      "ClassName": "Kamaz_4350_Kung_winter",
      "MaxPriceThreshold": 555000,
      "MinPriceThreshold": 125000,
      "SellPricePercent": -1,
      "MaxStockThreshold": 3,
      "MinStockThreshold": 1,
      "QuantityPercent": -1,
      "SpawnAttachments": [
        "Kamaz_4350_Wheel",
        "Kamaz_4350_Wheel",
        "Kamaz_4350_Wheel",
        "Kamaz_4350_Wheel",
        "Kamaz_4350_Wheel",
        "Kamaz_4350_Doors_Driver",
        "Kamaz_4350_Doors_coDriver",
        "Kamaz_4350_Doors_cargo1",
        "Kamaz_4350_Doors_cargo2",
        "Kamaz_4350_Doors_cargo3",
        "headlighth7",
        "headlighth7",
        "carbattery",
        "carradiator",
        "sparkplug"
      ],
      "Variants": []
    },
    {
      "ClassName": "Kraz_6322",
      "MaxPriceThreshold": 625000,
      "MinPriceThreshold": 125000,
      "SellPricePercent": -1,
      "MaxStockThreshold": 3,
      "MinStockThreshold": 1,
      "QuantityPercent": -1,
      "SpawnAttachments": [
        "Kraz_6322_Wheel",
        "Kraz_6322_Wheel",
        "Kraz_6322_Wheel",
        "Kraz_6322_Wheel",
        "Kraz_6322_Wheel",
        "Kraz_6322_Wheel",
        "Kraz_6322_Wheel",
        "Kraz_6322_Doors_Driver",
        "Kraz_6322_Doors_coDriver",
        "Kraz_6322_Doors_cargo1",
        "Kraz_6322_Doors_hood",
        "headlighth7",
        "headlighth7",
        "carbattery",
        "carradiator",
        "sparkplug"
      ],
      "Variants": []
    },
    {
      "ClassName": "Kraz_6322_rust",
      "MaxPriceThreshold": 625000,
      "MinPriceThreshold": 125000,
      "SellPricePercent": -1,
      "MaxStockThreshold": 3,
      "MinStockThreshold": 1,
      "QuantityPercent": -1,
      "SpawnAttachments": [
        "Kraz_6322_Wheel",
        "Kraz_6322_Wheel",
        "Kraz_6322_Wheel",
        "Kraz_6322_Wheel",
        "Kraz_6322_Wheel",
        "Kraz_6322_Wheel",
        "Kraz_6322_Wheel",
        "Kraz_6322_Doors_Driver_rust",
        "Kraz_6322_Doors_coDriver_rust",
        "Kraz_6322_Doors_cargo1_rust",
        "Kraz_6322_Doors_hood_rust",
        "headlighth7",
        "headlighth7",
        "carbattery",
        "carradiator",
        "sparkplug"
      ],
      "Variants": []
    },
    {
      "ClassName": "Kraz_6322_Black",
      "MaxPriceThreshold": 625000,
      "MinPriceThreshold": 125000,
      "SellPricePercent": -1,
      "MaxStockThreshold": 3,
      "MinStockThreshold": 1,
      "QuantityPercent": -1,
      "SpawnAttachments": [
        "Kraz_6322_Wheel",
        "Kraz_6322_Wheel",
        "Kraz_6322_Wheel",
        "Kraz_6322_Wheel",
        "Kraz_6322_Wheel",
        "Kraz_6322_Wheel",
        "Kraz_6322_Wheel",
        "Kraz_6322_Doors_Driver_Black",
        "Kraz_6322_Doors_coDriver_Black",
        "Kraz_6322_Doors_cargo1_Black",
        "Kraz_6322_Doors_hood_Black",
        "headlighth7",
        "headlighth7",
        "carbattery",
        "carradiator",
        "sparkplug"
      ],
      "Variants": []
    },
    {
      "ClassName": "Kraz_6322_kamo",
      "MaxPriceThreshold": 625000,
      "MinPriceThreshold": 125000,
      "SellPricePercent": -1,
      "MaxStockThreshold": 3,
      "MinStockThreshold": 1,
      "QuantityPercent": -1,
      "SpawnAttachments": [
        "Kraz_6322_Wheel",
        "Kraz_6322_Wheel",
        "Kraz_6322_Wheel",
        "Kraz_6322_Wheel",
        "Kraz_6322_Wheel",
        "Kraz_6322_Wheel",
        "Kraz_6322_Wheel",
        "Kraz_6322_Doors_Driver_kamo",
        "Kraz_6322_Doors_coDriver_kamo",
        "Kraz_6322_Doors_cargo1_kamo",
        "Kraz_6322_Doors_hood_kamo",
        "headlighth7",
        "headlighth7",
        "carbattery",
        "carradiator",
        "sparkplug"
      ],
      "Variants": []
    },
    {
      "ClassName": "M35a2",
      "MaxPriceThreshold": 325000,
      "MinPriceThreshold": 75000,
      "SellPricePercent": -1,
      "MaxStockThreshold": 3,
      "MinStockThreshold": 1,
      "QuantityPercent": -1,
      "SpawnAttachments": [
        "M35a2_wheel",
        "M35a2_wheel",
        "M35a2_wheel",
        "M35a2_wheeldouble",
        "M35a2_wheeldouble",
        "M35a2_wheeldouble",
        "M35a2_wheeldouble",
        "M35a2_doors_driver",
        "M35a2_doors_codriver",
        "M35a2_doors_hood",
        "M35a2_doors_trunk",
        "m35a2_tent",
        "headlighth7",
        "headlighth7",
        "carbattery",
        "carradiator",
        "sparkplug"
      ],
      "Variants": []
    },
    {
      "ClassName": "M35a2_Black",
      "MaxPriceThreshold": 325000,
      "MinPriceThreshold": 75000,
      "SellPricePercent": -1,
      "MaxStockThreshold": 3,
      "MinStockThreshold": 1,
      "QuantityPercent": -1,
      "SpawnAttachments": [
        "M35a2_wheel",
        "M35a2_wheel",
        "M35a2_wheel",
        "M35a2_wheeldouble",
        "M35a2_wheeldouble",
        "M35a2_wheeldouble",
        "M35a2_wheeldouble",
        "M35a2_doors_driver_Black",
        "M35a2_doors_codriver_Black",
        "M35a2_doors_hood_Black",
        "M35a2_doors_trunk_Black",
        "m35a2_tent_Black",
        "headlighth7",
        "headlighth7",
        "carbattery",
        "carradiator",
        "sparkplug"
      ],
      "Variants": []
    },
    {
      "ClassName": "M35a2_Rust",
      "MaxPriceThreshold": 300000,
      "MinPriceThreshold": 75000,
      "SellPricePercent": -1,
      "MaxStockThreshold": 3,
      "MinStockThreshold": 1,
      "QuantityPercent": -1,
      "SpawnAttachments": [
        "M35a2_wheel",
        "M35a2_wheel",
        "M35a2_wheel",
        "M35a2_wheeldouble",
        "M35a2_wheeldouble",
        "M35a2_wheeldouble",
        "M35a2_wheeldouble",
        "M35a2_doors_driver_Rust",
        "M35a2_doors_codriver_Rust",
        "M35a2_doors_hood_Rust",
        "M35a2_doors_trunk_Rust",
        "m35a2_tent_Rust",
        "headlighth7",
        "headlighth7",
        "carbattery",
        "carradiator",
        "sparkplug"
      ],
      "Variants": []
    },
    {
      "ClassName": "M35a2_Kamo",
      "MaxPriceThreshold": 325000,
      "MinPriceThreshold": 75000,
      "SellPricePercent": -1,
      "MaxStockThreshold": 3,
      "MinStockThreshold": 1,
      "QuantityPercent": -1,
      "SpawnAttachments": [
        "M35a2_wheel",
        "M35a2_wheel",
        "M35a2_wheel",
        "M35a2_wheeldouble",
        "M35a2_wheeldouble",
        "M35a2_wheeldouble",
        "M35a2_wheeldouble",
        "M35a2_doors_driver_Kamo",
        "M35a2_doors_codriver_Kamo",
        "M35a2_doors_hood_Kamo",
        "M35a2_doors_trunk_Kamo",
        "m35a2_tent_Kamo",
        "headlighth7",
        "headlighth7",
        "carbattery",
        "carradiator",
        "sparkplug"
      ],
      "Variants": []
    },
    {
      "ClassName": "M35a2_grey",
      "MaxPriceThreshold": 325000,
      "MinPriceThreshold": 75000,
      "SellPricePercent": -1,
      "MaxStockThreshold": 3,
      "MinStockThreshold": 1,
      "QuantityPercent": -1,
      "SpawnAttachments": [
        "M35a2_wheel_grey",
        "M35a2_wheel_grey",
        "M35a2_wheel_grey",
        "M35a2_wheeldouble_grey",
        "M35a2_wheeldouble_grey",
        "M35a2_wheeldouble_grey",
        "M35a2_wheeldouble_grey",
        "M35a2_doors_driver_grey",
        "M35a2_doors_codriver_grey",
        "M35a2_doors_hood_grey",
        "M35a2_doors_trunk_grey",
        "m35a2_tent_grey",
        "headlighth7",
        "headlighth7",
        "carbattery",
        "carradiator",
        "sparkplug"
      ],
      "Variants": []
    },
    {
      "ClassName": "MAZ_509",
      "MaxPriceThreshold": 475000,
      "MinPriceThreshold": 100000,
      "SellPricePercent": -1,
      "MaxStockThreshold": 3,
      "MinStockThreshold": 1,
      "QuantityPercent": -1,
      "SpawnAttachments": [
        "MAZ_509_Wheel",
        "MAZ_509_Wheel",
        "MAZ_509_Wheel",
        "MAZ_509_Wheel",
        "MAZ_509_Wheel",
        "MAZ_509_Wheel",
        "MAZ_509_Doors_Driver",
        "MAZ_509_Doors_coDriver",
        "MAZ_509_Tent",
        "MAZ_509_Doors_trunk",
        "MAZ_509_Wheel",
        "headlighth7",
        "headlighth7",
        "carbattery",
        "carradiator",
        "sparkplug"
      ],
      "Variants": []
    },
    {
      "ClassName": "UAZ_2315",
      "MaxPriceThreshold": 95000,
      "MinPriceThreshold": 50000,
      "SellPricePercent": -1,
      "MaxStockThreshold": 3,
      "MinStockThreshold": 1,
      "QuantityPercent": -1,
      "SpawnAttachments": [
        "UAZ_2315_Wheel",
        "UAZ_2315_Wheel",
        "UAZ_2315_Wheel",
        "UAZ_2315_Wheel",
        "UAZ_2315_Wheel",
        "UAZ_2315_Doors_Driver",
        "UAZ_2315_Doors_CoDriver",
        "UAZ_2315_Doors_Hood",
        "headlighth7",
        "headlighth7",
        "carbattery",
        "carradiator",
        "sparkplug"
      ],
      "Variants": []
    },
    {
      "ClassName": "URAL_4320",
      "MaxPriceThreshold": 199995,
      "MinPriceThreshold": 111111,
      "SellPricePercent": -1,
      "MaxStockThreshold": 3,
      "MinStockThreshold": 1,
      "QuantityPercent": -1,
      "SpawnAttachments": [
        "URAL_4320_Wheel",
        "URAL_4320_Wheel",
        "URAL_4320_Wheel",
        "URAL_4320_Wheel",
        "URAL_4320_Wheel",
        "URAL_4320_Wheel",
        "URAL_4320_Wheel",
        "URAL_4320_Doors_Driver",
        "URAL_4320_Doors_coDriver",
        "URAL_4320_Doors_hood",
        "URAL_4320_Doors_trunk",
        "URAL_4320_tent",
        "headlighth7",
        "headlighth7",
        "carbattery",
        "carradiator",
        "sparkplug"
      ],
      "Variants": []
    },
    {
      "ClassName": "URAL_4320_Kung",
      "MaxPriceThreshold": 199995,
      "MinPriceThreshold": 111111,
      "SellPricePercent": -1,
      "MaxStockThreshold": 3,
      "MinStockThreshold": 1,
      "QuantityPercent": -1,
      "SpawnAttachments": [
        "URAL_4320_Wheel",
        "URAL_4320_Wheel",
        "URAL_4320_Wheel",
        "URAL_4320_Wheel",
        "URAL_4320_Wheel",
        "URAL_4320_Wheel",
        "URAL_4320_Wheel",
        "URAL_4320_Doors_Driver",
        "URAL_4320_Doors_coDriver",
        "URAL_4320_Doors_hood",
        "URAL_4320_Doors_cargo1",
        "URAL_4320_Doors_cargo2",
        "URAL_4320_Doors_cargo3",
        "URAL_4320_Doors_cargo4",
        "URAL_4320_flag",
        "headlighth7",
        "headlighth7",
        "carbattery",
        "carradiator",
        "sparkplug"
      ],
      "Variants": []
    },
    {
      "ClassName": "URAL_4320_Kung_rust",
      "MaxPriceThreshold": 199995,
      "MinPriceThreshold": 111111,
      "SellPricePercent": -1,
      "MaxStockThreshold": 3,
      "MinStockThreshold": 1,
      "QuantityPercent": -1,
      "SpawnAttachments": [
        "URAL_4320_Wheel",
        "URAL_4320_Wheel",
        "URAL_4320_Wheel",
        "URAL_4320_Wheel",
        "URAL_4320_Wheel",
        "URAL_4320_Wheel",
        "URAL_4320_Wheel",
        "URAL_4320_Doors_Driver_rust",
        "URAL_4320_Doors_coDriver_rust",
        "URAL_4320_Doors_hood_rust",
        "URAL_4320_Doors_cargo1_rust",
        "URAL_4320_Doors_cargo2_rust",
        "URAL_4320_Doors_cargo3_rust",
        "URAL_4320_Doors_cargo4_rust",
        "URAL_4320_flag_rust",
        "headlighth7",
        "headlighth7",
        "carbattery",
        "carradiator",
        "sparkplug"
      ],
      "Variants": []
    },
    {
      "ClassName": "URAL_4320_Kung_blue",
      "MaxPriceThreshold": 199995,
      "MinPriceThreshold": 111111,
      "SellPricePercent": -1,
      "MaxStockThreshold": 3,
      "MinStockThreshold": 1,
      "QuantityPercent": -1,
      "SpawnAttachments": [
        "URAL_4320_Wheel",
        "URAL_4320_Wheel",
        "URAL_4320_Wheel",
        "URAL_4320_Wheel",
        "URAL_4320_Wheel",
        "URAL_4320_Wheel",
        "URAL_4320_Wheel",
        "URAL_4320_Doors_Driver_blue",
        "URAL_4320_Doors_coDriver_blue",
        "URAL_4320_Doors_hood_blue",
        "URAL_4320_Doors_cargo1_blue",
        "URAL_4320_Doors_cargo2_blue",
        "URAL_4320_Doors_cargo3_blue",
        "URAL_4320_Doors_cargo4_blue",
        "URAL_4320_flag_blue",
        "headlighth7",
        "headlighth7",
        "carbattery",
        "carradiator",
        "sparkplug"
      ],
      "Variants": []
    },
    {
      "ClassName": "URAL_4320_Kung_kamo",
      "MaxPriceThreshold": 199995,
      "MinPriceThreshold": 111111,
      "SellPricePercent": -1,
      "MaxStockThreshold": 3,
      "MinStockThreshold": 1,
      "QuantityPercent": -1,
      "SpawnAttachments": [
        "URAL_4320_Wheel",
        "URAL_4320_Wheel",
        "URAL_4320_Wheel",
        "URAL_4320_Wheel",
        "URAL_4320_Wheel",
        "URAL_4320_Wheel",
        "URAL_4320_Wheel",
        "URAL_4320_Doors_Driver_kamo",
        "URAL_4320_Doors_coDriver_kamo",
        "URAL_4320_Doors_hood_kamo",
        "URAL_4320_Doors_cargo1_kamo",
        "URAL_4320_Doors_cargo2_kamo",
        "URAL_4320_Doors_cargo3_kamo",
        "URAL_4320_Doors_cargo4_kamo",
        "URAL_4320_flag_kamo",
        "headlighth7",
        "headlighth7",
        "carbattery",
        "carradiator",
        "sparkplug"
      ],
      "Variants": []
    },
    {
      "ClassName": "ZIL130",
      "MaxPriceThreshold": 255000,
      "MinPriceThreshold": 100000,
      "SellPricePercent": -1,
      "MaxStockThreshold": 3,
      "MinStockThreshold": 1,
      "QuantityPercent": -1,
      "SpawnAttachments": [
        "ZIL130_Wheel",
        "ZIL130_Wheel",
        "ZIL130_Wheel",
        "ZIL130_Wheel2",
        "ZIL130_Wheel2",
        "ZIL130_Doors_hood",
        "ZIL130_Doors_Driver",
        "ZIL130_Doors_coDriver",
        "ZIL130_Doors_trunk",
        "ZIL130_tent",
        "headlighth7",
        "headlighth7",
        "carbattery",
        "carradiator",
        "sparkplug"
      ],
      "Variants": []
    },
    {
      "ClassName": "ZIL130_rust",
      "MaxPriceThreshold": 200000,
      "MinPriceThreshold": 10000,
      "SellPricePercent": -1,
      "MaxStockThreshold": 3,
      "MinStockThreshold": 1,
      "QuantityPercent": -1,
      "SpawnAttachments": [
        "ZIL130_Wheel",
        "ZIL130_Wheel",
        "ZIL130_Wheel",
        "ZIL130_Wheel2",
        "ZIL130_Wheel2",
        "ZIL130_Doors_hood_rust",
        "ZIL130_Doors_Driver_rust",
        "ZIL130_Doors_coDriver_rust",
        "ZIL130_Doors_trunk_rust",
        "ZIL130_tent_rust",
        "headlighth7",
        "headlighth7",
        "carbattery",
        "carradiator",
        "sparkplug"
      ],
      "Variants": []
    },
    {
      "ClassName": "ZIL130kung",
      "MaxPriceThreshold": 225000,
      "MinPriceThreshold": 100000,
      "SellPricePercent": -1,
      "MaxStockThreshold": 3,
      "MinStockThreshold": 1,
      "QuantityPercent": -1,
      "SpawnAttachments": [
        "ZIL130_Wheel",
        "ZIL130_Wheel",
        "ZIL130_Wheel",
        "ZIL130_Wheel2",
        "ZIL130_Wheel2",
        "ZIL130_Doors_hood",
        "ZIL130_Doors_Driver",
        "ZIL130_Doors_coDriver",
        "ZIL130_Doors_cargo1",
        "ZIL130_Doors_cargo2",
        "ZIL130_Doors_cargo3",
        "ZIL130_Doors_cargo4",
        "headlighth7",
        "headlighth7",
        "carbattery",
        "carradiator",
        "sparkplug"
      ],
      "Variants": []
    },
    {
      "ClassName": "ZIL130_REFILL",
      "MaxPriceThreshold": 300000,
      "MinPriceThreshold": 100000,
      "SellPricePercent": -1,
      "MaxStockThreshold": 3,
      "MinStockThreshold": 1,
      "QuantityPercent": -1,
      "SpawnAttachments": [
        "ZIL130_Wheel",
        "ZIL130_Wheel",
        "ZIL130_Wheel",
        "ZIL130_Wheel2",
        "ZIL130_Wheel2",
        "ZIL130_Doors_hood_green",
        "ZIL130_Doors_Driver_green",
        "ZIL130_Doors_coDriver_green",
        "headlighth7",
        "headlighth7",
        "carbattery",
        "carradiator",
        "sparkplug"
      ],
      "Variants": []
    },
    {
      "ClassName": "ZIL130_REPAIR",
      "MaxPriceThreshold": 325000,
      "MinPriceThreshold": 100000,
      "SellPricePercent": -1,
      "MaxStockThreshold": 3,
      "MinStockThreshold": 1,
      "QuantityPercent": -1,
      "SpawnAttachments": [
        "ZIL130_Wheel",
        "ZIL130_Wheel",
        "ZIL130_Wheel",
        "ZIL130_Wheel2",
        "ZIL130_Wheel2",
        "ZIL130_Doors_hood_green",
        "ZIL130_Doors_Driver_green",
        "ZIL130_Doors_coDriver_green",
        "ZIL130_Doors_trunk_green",
        "headlighth7",
        "headlighth7",
        "carbattery",
        "carradiator",
        "sparkplug"
      ],
      "Variants": []
    }
  ]
}